name,symbol,liquidity,dev_score,community_score,public_interest_score,total_score,report_date
Bitcoin,BTC,3136609028,0.98,0.9,0.44,0.91,2018-03-14 15:51:47
Ethereum,ETH,869416460,0.94,0.76,0.41,0.84,2018-03-14 15:51:47
Ripple,XRP,256419000,0.83,0.71,0.38,0.78,2018-03-14 15:51:47
Litecoin,LTC,380564122,0.77,0.69,0.4,0.75,2018-03-14 15:51:47
Monero,XMR,73335979,0.9,0.67,0.42,0.75,2018-03-14 15:51:47
EOS,EOS,191953512,0.88,0.6,0.39,0.74,2018-03-14 15:51:47
NEO,NEO,104638237,0.82,0.71,0.37,0.74,2018-03-14 15:51:47
Stellar,XLM,34390352,0.86,0.62,0.44,0.71,2018-03-14 15:51:47
Cardano,ADA,130398835,0.87,0.56,0.34,0.71,2018-03-14 15:51:47
Bitcoin Cash,BCH,361127504,0.7,0.55,0.41,0.7,2018-03-14 15:51:47
Dash,DASH,73119713,0.85,0.54,0.4,0.7,2018-03-14 15:51:47
Ethereum Classic,ETC,178343156,0.81,0.51,0.42,0.7,2018-03-14 15:51:47
Tron,TRX,183427200,0.79,0.57,0.32,0.7,2018-03-14 15:51:47
Qtum,QTUM,104114000,0.84,0.49,0.35,0.68,2018-03-14 15:51:47
Nano,NANO,47545213,0.8,0.59,0.3,0.68,2018-03-14 15:51:47
Zcash,ZEC,44725600,0.88,0.48,0.41,0.68,2018-03-14 15:51:47
Dogecoin,DOGE,4637536,0.84,0.68,0.37,0.67,2018-03-14 15:51:47
Lisk,LSK,11198378,0.87,0.54,0.37,0.67,2018-03-14 15:51:47
Gas,GAS,3925288,0.81,0.7,0.35,0.66,2018-03-14 15:51:47
IOTA,IOT,23167505,0.63,0.62,0.45,0.65,2018-03-14 15:51:47
Waves,WAVES,24269400,0.83,0.5,0.44,0.65,2018-03-14 15:51:47
Verge,XVG,9014290,0.79,0.56,0.37,0.64,2018-03-14 15:51:47
Siacoin,SC,5262031,0.88,0.53,0.33,0.64,2018-03-14 15:51:47
NEM,XEM,207144232,0.61,0.53,0.37,0.63,2018-03-14 15:51:47
Golem,GNT,6535260,0.86,0.5,0.4,0.63,2018-03-14 15:51:47
Status,SNT,18353434,0.87,0.45,0.4,0.63,2018-03-14 15:51:47
Steem Dollars,SBD,8910015,0.87,0.51,0.49,0.61,2018-03-14 15:51:47
Augur,REP,4141290,0.83,0.47,0.38,0.6,2018-03-14 15:51:47
BitShares,BTS,3004865,0.84,0.45,0.34,0.6,2018-03-14 15:51:47
0x,ZRX,6280172,0.8,0.46,0.3,0.6,2018-03-14 15:51:47
Nebulas,NAS,8003380,0.79,0.42,0.35,0.59,2018-03-14 15:51:47
Enigma,ENG,6736728,0.81,0.46,0.32,0.59,2018-03-14 15:51:47
Digibyte,DGB,2469985,0.82,0.44,0.32,0.59,2018-03-14 15:51:47
PIVX,PIVX,1873144,0.81,0.47,0.37,0.58,2018-03-14 15:51:47
ICON,ICX,61126656,0.47,0.54,0.44,0.58,2018-03-14 15:51:47
Decred,DCR,665268,0.82,0.45,0.38,0.58,2018-03-14 15:51:47
Bytom,BTM,8365028,0.79,0.36,0.31,0.58,2018-03-14 15:51:47
Factom,FCT,1479443,0.78,0.46,0.38,0.58,2018-03-14 15:51:47
Aeternity,AE,2224536,0.83,0.4,0.28,0.58,2018-03-14 15:51:47
Raiden Network Token,RDN,9001489,0.84,0.36,0.34,0.57,2018-03-14 15:51:47
ZCoin,XZC,944236,0.8,0.43,0.35,0.57,2018-03-14 15:51:47
Storj,STORJ,7972683,0.7,0.47,0.29,0.57,2018-03-14 15:51:47
OmiseGo,OMG,23586000,0.51,0.47,0.34,0.57,2018-03-14 15:51:47
Stratis,STRAT,6465767,0.62,0.48,0.37,0.57,2018-03-14 15:51:47
Steem,STEEM,17088192,0.87,0.18,0.48,0.56,2018-03-14 15:51:47
Zilliqa,ZIL,12439954,0.72,0.35,0.27,0.56,2018-03-14 15:51:47
Komodo,KMD,1577320,0.7,0.47,0.36,0.56,2018-03-14 15:51:47
Vertcoin,VTC,1543112,0.71,0.53,0.33,0.56,2018-03-14 15:51:47
Reddcoin,RDD,5780263,0.61,0.53,0.33,0.56,2018-03-14 15:51:47
VeChain,VEN,61854929,0.32,0.59,0.33,0.56,2018-03-14 15:51:47
Nexus,NXS,2614674,0.75,0.35,0.4,0.56,2018-03-14 15:51:47
Zclassic,ZCL,2222300,0.78,0.36,0.35,0.56,2018-03-14 15:51:47
LBRY Credits,LBC,1984754,0.84,0.41,0.34,0.56,2018-03-14 15:51:47
Binance Coin,BNB,236077772,0.12,0.54,0.86,0.55,2018-03-14 15:51:47
Bitcoin Gold,BTG,10630506,0.8,0.17,0.36,0.55,2018-03-14 15:51:47
Bancor Network Token,BNT,3864103,0.73,0.4,0.3,0.55,2018-03-14 15:51:47
Kyber Network,KNC,5436100,0.73,0.34,0.35,0.55,2018-03-14 15:51:47
Syscoin,SYS,1521742,0.69,0.44,0.34,0.55,2018-03-14 15:51:47
NAV Coin,NAV,1338463,0.72,0.44,0.36,0.55,2018-03-14 15:51:47
NXT,NXT,3962896,0.6,0.47,0.37,0.55,2018-03-14 15:51:47
MaidSafeCoin,MAID,1435360,0.71,0.43,0.3,0.54,2018-03-14 15:51:47
Neblio,NEBL,2020607,0.71,0.39,0.28,0.54,2018-03-14 15:51:47
Burst,BURST,700656,0.78,0.41,0.33,0.54,2018-03-14 15:51:47
Simple Token,OST,2555026,0.71,0.39,0.41,0.54,2018-03-14 15:51:47
Feathercoin,FTC,1283406,0.78,0.4,0.33,0.54,2018-03-14 15:51:47
Electroneum,ETN,3279902,0.51,0.58,0.33,0.54,2018-03-14 15:51:47
SONM,SNM,978199,0.74,0.43,0.29,0.54,2018-03-14 15:51:47
Bytecoin,BCN,5254709,0.55,0.46,0.34,0.54,2018-03-14 15:51:47
ETHLend,LEND,4632145,0.66,0.46,0.28,0.54,2018-03-14 15:51:47
Ark,ARK,2139920,0.56,0.5,0.37,0.54,2018-03-14 15:51:47
iExec RLC,RLC,1702398,0.63,0.41,0.27,0.53,2018-03-14 15:51:47
Aragon,ANT,487835,0.79,0.35,0.34,0.53,2018-03-14 15:51:47
Blocknet,BLOCK,806145,0.79,0.38,0.32,0.53,2018-03-14 15:51:47
Polymath Network,POLY,382488,0.71,0.41,0.29,0.52,2018-03-14 15:51:47
ZenCash,ZEN,1184174,0.71,0.42,0.29,0.52,2018-03-14 15:51:47
Peercoin,PPC,725820,0.75,0.41,0.34,0.52,2018-03-14 15:51:47
Byteball Bytes,GBYTE,843356,0.68,0.4,0.32,0.52,2018-03-14 15:51:47
Chronobank,TIME,1681050,0.75,0.35,0.27,0.52,2018-03-14 15:51:47
RChain,RHOC,269130,0.79,0.33,0.3,0.52,2018-03-14 15:51:47
Metaverse ETP,ETP,704752,0.73,0.4,0.29,0.52,2018-03-14 15:51:47
Nimiq,NET,193913,0.83,0.33,0.47,0.52,2018-03-14 15:51:47
Viacoin,VIA,2295623,0.56,0.36,0.34,0.52,2018-03-14 15:51:47
Quantum Resistant Ledger,QRL,680582,0.79,0.36,0.29,0.52,2018-03-14 15:51:47
aelf,ELF,20912294,0.76,0.098,0.38,0.51,2018-03-14 15:51:47
NuBits,USNBT,20961900,0.59,0.33,0.31,0.51,2018-03-14 15:51:47
Melon,MLN,291644,0.79,0.34,0.36,0.51,2018-03-14 15:51:47
AppCoins,APPC,2356844,0.59,0.41,0.32,0.51,2018-03-14 15:51:47
Request Network,REQ,2224837,0.43,0.5,0.44,0.51,2018-03-14 15:51:47
MonaCoin,MONA,1597349,0.61,0.38,0.3,0.51,2018-03-14 15:51:47
DeepOnion,ONION,124523,0.78,0.46,0.3,0.51,2018-03-14 15:51:47
Gnosis,GNO,426238,0.64,0.41,0.37,0.5,2018-03-14 15:51:47
Gridcoin,GRC,23122,0.81,0.4,0.35,0.5,2018-03-14 15:51:47
Dragonchain,DRGN,906099,0.62,0.35,0.3,0.5,2018-03-14 15:51:47
VeriCoin,VRC,394968,0.67,0.4,0.33,0.5,2018-03-14 15:51:47
Bread,BRD,1256820,0.59,0.37,0.36,0.5,2018-03-14 15:51:47
SmartCash,SMART,148042,0.71,0.42,0.29,0.5,2018-03-14 15:51:47
Counterparty,XCP,737388,0.67,0.37,0.33,0.49,2018-03-14 15:51:47
Decentraland,MANA,10416882,0.44,0.43,0.28,0.49,2018-03-14 15:51:47
Achain,ACT,2815473,0.71,0.17,0.37,0.49,2018-03-14 15:51:47
AdEx,ADX,9477617,0.44,0.41,0.29,0.49,2018-03-14 15:51:47
Particl,PART,816300,0.64,0.35,0.29,0.49,2018-03-14 15:51:47
district0x,DNT,653434,0.58,0.42,0.28,0.49,2018-03-14 15:51:47
BlockMason Credit Protocol,BCPT,5181482,0.46,0.35,0.39,0.48,2018-03-14 15:51:47
Namecoin,NMC,74506,0.75,0.39,0.34,0.48,2018-03-14 15:51:47
Omni (Mastercoin),OMNI,166383,0.68,0.33,0.28,0.48,2018-03-14 15:51:47
Storm,STORM,16537367,0.38,0.4,0.38,0.48,2018-03-14 15:51:47
Basic Attention Token,BAT,4309355,0.37,0.43,0.35,0.48,2018-03-14 15:51:47
ION,ION,824338,0.54,0.3,0.43,0.48,2018-03-14 15:51:47
Po.et,POE,4415605,0.55,0.31,0.4,0.48,2018-03-14 15:51:47
Ink,INK,4777244,0.65,0.23,0.25,0.48,2018-03-14 15:51:47
Swarm City,SWT,208912,0.72,0.35,0.32,0.48,2018-03-14 15:51:47
Enjin Coin,ENJ,2493375,0.39,0.43,0.37,0.48,2018-03-14 15:51:47
Quantstamp,QSP,4457619,0.34,0.48,0.33,0.47,2018-03-14 15:51:47
Crown,CRW,29517,0.69,0.33,0.47,0.47,2018-03-14 15:51:47
Sirin Labs Token,SRN,14466711,0.34,0.38,0.29,0.47,2018-03-14 15:51:47
Skycoin,SKY,518858,0.81,0.08,0.33,0.46,2018-03-14 15:51:47
LUXCoin,LUX,143509,0.73,0.31,0.31,0.46,2018-03-14 15:51:47
OKCash,OK,755985,0.52,0.42,0.33,0.46,2018-03-14 15:51:47
ECC,ECC,18023,0.7,0.32,0.47,0.46,2018-03-14 15:51:47
Loopring,LRC,2936439,0.41,0.32,0.32,0.46,2018-03-14 15:51:47
Einsteinium,EMC2,64768842,0.28,0.43,0.32,0.46,2018-03-14 15:51:47
BitBay,BAY,309604,0.56,0.35,0.33,0.45,2018-03-14 15:51:47
SingularDTV,SNGLS,690508,0.44,0.39,0.29,0.45,2018-03-14 15:51:47
Shift,SHIFT,279272,0.51,0.35,0.43,0.45,2018-03-14 15:51:47
Cobinhood,COB,178453,0.47,0.42,0.42,0.45,2018-03-14 15:51:47
Ripio Credit Network,RCN,5229213,0.39,0.37,0.27,0.45,2018-03-14 15:51:47
Substratum,SUB,14293510,0.17,0.51,0.28,0.45,2018-03-14 15:51:47
Mintcoin,MINT,101001,0.65,0.38,0.29,0.45,2018-03-14 15:51:47
Lamden,TAU,178536,0.6,0.37,0.28,0.45,2018-03-14 15:51:47
GXShares,GXS,5395039,0.61,0.081,0.31,0.45,2018-03-14 15:51:47
Lunyr,LUN,1118260,0.4,0.4,0.28,0.45,2018-03-14 15:51:47
Bloom,BLT,1428650,0.47,0.34,0.35,0.45,2018-03-14 15:51:47
CoinFi,COFI,79949,0.6,0.38,0.42,0.45,2018-03-14 15:51:47
BlackCoin,BLK,233179,0.44,0.43,0.37,0.44,2018-03-14 15:51:47
WeTrust,TRST,275786,0.57,0.37,0.3,0.44,2018-03-14 15:51:47
HTMLCOIN,HTML,139403,0.61,0.34,0.29,0.44,2018-03-14 15:51:47
Synereo,AMP,3503649,0.39,0.37,0.29,0.44,2018-03-14 15:51:47
Aeon,AEON,80630,0.63,0.34,0.31,0.44,2018-03-14 15:51:47
Hive,HVN,83672,0.61,0.35,0.34,0.44,2018-03-14 15:51:47
Bismuth,BIS,28383,0.79,0.24,0.37,0.44,2018-03-14 15:51:47
DADI,DADI,885002,0.43,0.38,0.38,0.44,2018-03-14 15:51:47
Garlicoin,GRLC,11350,0.67,0.54,0.33,0.44,2018-03-14 15:51:47
Amber,AMB,748648,0.35,0.4,0.35,0.44,2018-03-14 15:51:47
Groestlcoin,GRS,3153697,0.42,0.4,0.3,0.44,2018-03-14 15:51:47
INS Ecosystem,INS,9182480,0.29,0.38,0.28,0.44,2018-03-14 15:51:47
Nuls,NULS,5674292,0.54,0.084,0.36,0.43,2018-03-14 15:51:47
Kin,KIN,379114,0.4,0.41,0.34,0.43,2018-03-14 15:51:47
Genesis Vision,GVT,16440900,0.15,0.44,0.32,0.43,2018-03-14 15:51:47
SIBCoin,SIB,164991,0.57,0.26,0.33,0.43,2018-03-14 15:51:47
Sumokoin,SUMO,15244,0.68,0.36,0.33,0.43,2018-03-14 15:51:47
STK,STK,2451346,0.41,0.29,0.38,0.43,2018-03-14 15:51:47
Myriadcoin,XMY,47704,0.57,0.39,0.29,0.43,2018-03-14 15:51:47
Bitcore,BTX,1690090,0.54,0.14,0.35,0.43,2018-03-14 15:51:47
BitClave,CAT,1154931,0.49,0.29,0.28,0.43,2018-03-14 15:51:47
SingularityNET,AGI,383082,0.53,0.24,0.28,0.43,2018-03-14 15:51:47
Aion,AION,2825840,0.2,0.42,0.38,0.43,2018-03-14 15:51:47
Pascalcoin,PASC,30549,0.63,0.34,0.31,0.43,2018-03-14 15:51:47
WePower,WPR,3508767,0.48,0.17,0.31,0.43,2018-03-14 15:51:47
Bluzelle,BLZ,4308890,0.55,0.09,0.3,0.43,2018-03-14 15:51:47
Neumark,NEU,101790,0.62,0.3,0.29,0.43,2018-03-14 15:51:47
Waltonchain,WTC,4411132,0.0,0.49,0.38,0.43,2018-03-14 15:51:47
BLOCKv,VEE,1048597,0.33,0.34,0.44,0.43,2018-03-14 15:51:47
eBitcoin,EBTC,106060,0.59,0.35,0.29,0.42,2018-03-14 15:51:47
Oyster Pearl,PRL,433368,0.64,0.082,0.34,0.42,2018-03-14 15:51:47
Expanse,EXP,266941,0.42,0.39,0.36,0.42,2018-03-14 15:51:47
Theta Token,THETA,7500976,0.17,0.39,0.27,0.42,2018-03-14 15:51:47
Asch,XAS,1666030,0.69,0.0,0.33,0.42,2018-03-14 15:51:47
Tether,USDT,1736240000,0.0,0.088,0.4,0.42,2018-03-14 15:51:47
Cindicator,CND,1645599,0.22,0.44,0.28,0.42,2018-03-14 15:51:47
Mysterium,MYST,839057,0.74,0.083,0.3,0.42,2018-03-14 15:51:47
Trinity Network Credit,TNC,1874925,0.55,0.083,0.4,0.42,2018-03-14 15:51:47
Agrello,DLT,1070892,0.31,0.38,0.27,0.42,2018-03-14 15:51:47
AirSwap,AST,7535270,0.2,0.42,0.32,0.42,2018-03-14 15:51:47
Hempcoin,THC,126096,0.48,0.36,0.34,0.42,2018-03-14 15:51:47
Clams,CLAM,179964,0.6,0.26,0.29,0.42,2018-03-14 15:51:47
Denarius,DNR,31231,0.72,0.23,0.36,0.42,2018-03-14 15:51:47
Humaniq,HMQ,606872,0.43,0.33,0.28,0.42,2018-03-14 15:51:47
XtraBYtes,XBY,93451,0.42,0.41,0.28,0.41,2018-03-14 15:51:47
NuShares,NSR,17,0.59,0.33,0.28,0.41,2018-03-14 15:51:47
Zoin,ZOI,39418,0.65,0.27,0.22,0.41,2018-03-14 15:51:47
Dynamic,DYN,200143,0.65,0.12,0.45,0.41,2018-03-14 15:51:47
Bean Cash,BITB,7327877,0.31,0.28,0.45,0.41,2018-03-14 15:51:47
BANKEX,BKX,1381910,0.36,0.34,0.27,0.41,2018-03-14 15:51:47
Gulden,NLG,80897,0.46,0.35,0.36,0.41,2018-03-14 15:51:47
Matchpool,GUP,4215893,0.3,0.34,0.28,0.41,2018-03-14 15:51:47
MinexCoin,MNX,162681,0.43,0.34,0.28,0.41,2018-03-14 15:51:47
Primecoin,XPM,33274,0.51,0.36,0.35,0.41,2018-03-14 15:51:47
Aeron,ARN,1057734,0.33,0.36,0.28,0.41,2018-03-14 15:51:47
Santiment Network Token,SAN,4141488,0.45,0.08,0.29,0.41,2018-03-14 15:51:47
Time New Bank,TNB,6493683,0.16,0.33,0.47,0.41,2018-03-14 15:51:47
LATOKEN,LA,905898,0.39,0.35,0.32,0.41,2018-03-14 15:51:47
POA Network,POA,2101577,0.53,0.0,0.42,0.4,2018-03-14 15:51:47
B3Coin,KB3,16992,0.62,0.34,0.32,0.4,2018-03-14 15:51:47
adToken,ADT,812653,0.34,0.26,0.32,0.4,2018-03-14 15:51:47
Monaco,MCO,23480794,0.0,0.47,0.28,0.4,2018-03-14 15:51:47
Ardor,ARDR,11825945,0.084,0.45,0.27,0.4,2018-03-14 15:51:47
Pirl,PIRL,57898,0.61,0.28,0.34,0.4,2018-03-14 15:51:47
WAX,WAX,7510425,0.17,0.33,0.39,0.4,2018-03-14 15:51:47
Musicoin,MUSIC,77001,0.67,0.15,0.33,0.4,2018-03-14 15:51:47
Auroracoin,AUR,24670,0.43,0.34,0.35,0.4,2018-03-14 15:51:47
Diamond,DMD,23513,0.55,0.31,0.33,0.4,2018-03-14 15:51:47
Potcoin,POT,501951,0.31,0.41,0.32,0.4,2018-03-14 15:51:47
Centra,CTR,6454431,0.14,0.4,0.38,0.4,2018-03-14 15:51:47
Civic,CVC,7172016,0.0,0.45,0.35,0.4,2018-03-14 15:51:47
KickCoin,KICK,2539699,0.22,0.35,0.27,0.4,2018-03-14 15:51:47
Revain,R,4440800,0.19,0.33,0.3,0.4,2018-03-14 15:51:47
Bibox Token,BIX,4193750,0.17,0.35,0.31,0.39,2018-03-14 15:51:47
Golos,GOLOS,17703,0.76,0.11,0.33,0.39,2018-03-14 15:51:47
Curecoin,CURE,43464,0.51,0.34,0.32,0.39,2018-03-14 15:51:47
Bulwark,BWK,93437,0.51,0.3,0.34,0.39,2018-03-14 15:51:47
Whitecoin,XWC,25703,0.54,0.31,0.29,0.39,2018-03-14 15:51:47
CyberMiles,CMT,4960521,0.14,0.37,0.27,0.39,2018-03-14 15:51:47
Memetic,MEME,262421,0.47,0.27,0.3,0.39,2018-03-14 15:51:47
Viberate,VIB,4461576,0.13,0.37,0.39,0.39,2018-03-14 15:51:47
Nucleus Vision,NCASH,160630491,0.34,0.5,0.42,0.39,2018-03-14 15:51:47
Medibloc,MED,503767,0.17,0.38,0.27,0.39,2018-03-14 15:51:47
TenX,PAY,4219280,0.0,0.49,0.3,0.39,2018-03-14 15:51:47
First Blood,1ST,277145,0.38,0.16,0.4,0.39,2018-03-14 15:51:47
Transfercoin,TX,535976,0.48,0.069,0.34,0.39,2018-03-14 15:51:47
Paragon,PRG,418581,0.18,0.5,0.33,0.39,2018-03-14 15:51:47
EmerCoin,EMC,560013,0.3,0.25,0.34,0.39,2018-03-14 15:51:47
Iconomi,ICN,924767,0.0,0.46,0.3,0.38,2018-03-14 15:51:47
Bounty0x,BNTY,44385,0.46,0.34,0.28,0.38,2018-03-14 15:51:47
FLO,FLO,964637,0.34,0.24,0.47,0.38,2018-03-14 15:51:47
Cloakcoin,CLOAK,539548,0.19,0.37,0.29,0.38,2018-03-14 15:51:47
carVertical,CV,94727,0.38,0.37,0.29,0.38,2018-03-14 15:51:47
Unobtanium,UNO,8687,0.52,0.26,0.33,0.38,2018-03-14 15:51:47
Etherparty,FUEL,418450,0.31,0.28,0.29,0.38,2018-03-14 15:51:47
GameCredits,GAME,888853,0.37,0.14,0.35,0.38,2018-03-14 15:51:47
Solaris,XLR,50031,0.48,0.26,0.42,0.38,2018-03-14 15:51:47
Vcash,XVC,2652144,0.41,0.18,0.31,0.38,2018-03-14 15:51:47
Crypto Bullion,CBX,1909,0.58,0.33,0.36,0.38,2018-03-14 15:51:47
Edgeless,EDG,742708,0.2,0.38,0.28,0.38,2018-03-14 15:51:47
HyperStake,HYP,3630,0.67,0.22,0.32,0.38,2018-03-14 15:51:47
SunContract,SNC,5506990,0.16,0.36,0.27,0.38,2018-03-14 15:51:47
QASH,QASH,3715178,0.0,0.42,0.28,0.38,2018-03-14 15:51:47
Rise,RISE,12613683,0.28,0.15,0.4,0.38,2018-03-14 15:51:47
Zeepin,ZPT,418043,0.12,0.43,0.27,0.38,2018-03-14 15:51:47
Agoras,AGRS,1358473,0.27,0.25,0.37,0.38,2018-03-14 15:51:47
Ignition,IC,35500,0.59,0.23,0.41,0.38,2018-03-14 15:51:47
Tierion,TNT,9564554,0.12,0.37,0.29,0.38,2018-03-14 15:51:47
UTRUST,UTK,1809568,0.14,0.4,0.31,0.38,2018-03-14 15:51:47
Novacoin,NVC,23880,0.62,0.18,0.36,0.38,2018-03-14 15:51:47
KuCoin Shares,KCS,822321,0.0,0.45,0.46,0.38,2018-03-14 15:51:47
Modum,MOD,454350,0.18,0.35,0.46,0.38,2018-03-14 15:51:47
Linkeye,LET,3781935,0.0,0.45,0.36,0.38,2018-03-14 15:51:47
VeriumReserve,VRM,25356,0.44,0.39,0.27,0.38,2018-03-14 15:51:47
Genaro Network,GNX,3253230,0.17,0.29,0.27,0.38,2018-03-14 15:51:47
DraftCoin,DFT,516522,0.41,0.27,0.3,0.38,2018-03-14 15:51:47
Ubiq,UBQ,305927,0.49,0.095,0.33,0.37,2018-03-14 15:51:47
OpenANX,OAX,550755,0.3,0.28,0.27,0.37,2018-03-14 15:51:47
Everex,EVX,3003005,0.14,0.38,0.27,0.37,2018-03-14 15:51:47
Jibrel Network,JNT,1987605,0.29,0.14,0.32,0.37,2018-03-14 15:51:47
Blackmoon Crypto,BMC,983065,0.18,0.36,0.37,0.37,2018-03-14 15:51:47
Telcoin,TEL,396036,0.17,0.4,0.3,0.37,2018-03-14 15:51:47
Cappasity,CAPP,105171,0.32,0.29,0.44,0.37,2018-03-14 15:51:47
ChainLink,LINK,5292080,0.3,0.082,0.34,0.37,2018-03-14 15:51:47
Linda,LINDA,253978,0.61,0.083,0.33,0.37,2018-03-14 15:51:47
Tokenbox,TBX,45285,0.56,0.25,0.28,0.37,2018-03-14 15:51:47
Obsidian,ODN,16979,0.45,0.37,0.33,0.37,2018-03-14 15:51:47
FunFair,FUN,860928,0.0,0.42,0.38,0.37,2018-03-14 15:51:47
IntenseCoin,ITNS,3666,0.53,0.35,0.33,0.37,2018-03-14 15:51:47
CannabisCoin,CANN,57239,0.36,0.35,0.28,0.37,2018-03-14 15:51:47
Faircoin,FAIR,7181,0.44,0.31,0.32,0.37,2018-03-14 15:51:47
SwissBorg,CHSB,581830,0.23,0.36,0.27,0.37,2018-03-14 15:51:47
SwftCoin,SWFTC,5035241,0.15,0.27,0.28,0.37,2018-03-14 15:51:47
I/O Coin,IOC,26658,0.43,0.28,0.32,0.37,2018-03-14 15:51:47
Datum,DAT,1771684,0.13,0.35,0.33,0.37,2018-03-14 15:51:47
Monetha,MTH,297511,0.15,0.38,0.27,0.37,2018-03-14 15:51:47
Dentacoin,DCN,77683,0.16,0.42,0.31,0.37,2018-03-14 15:51:47
Dent,DENT,395946,0.0,0.45,0.37,0.37,2018-03-14 15:51:47
BitSend,BSD,133812,0.57,0.08,0.3,0.37,2018-03-14 15:51:47
ColossusCoinXT,COLX,30211,0.38,0.36,0.31,0.37,2018-03-14 15:51:47
Unbreakablecoin,UNB,523898,0.31,0.19,0.32,0.36,2018-03-14 15:51:47
DATA,DTA,5186243,0.096,0.25,0.41,0.36,2018-03-14 15:51:47
EchoLink,EKO,1349616,0.32,0.24,0.3,0.36,2018-03-14 15:51:47
Dovu,DOVU,755,0.77,0.082,0.27,0.36,2018-03-14 15:51:47
HShare,HSR,16272444,0.19,0.055,0.32,0.36,2018-03-14 15:51:47
Leverj,LEV,51554,0.16,0.28,0.32,0.36,2018-03-14 15:51:47
Red Pulse,RPX,1981810,0.073,0.35,0.3,0.36,2018-03-14 15:51:47
DAO.Casino,BET,23599,0.55,0.28,0.29,0.36,2018-03-14 15:51:47
Ignis,IGNIS,2094160,0.0,0.39,0.31,0.36,2018-03-14 15:51:47
Internet of People,IOP,392730,0.3,0.26,0.33,0.36,2018-03-14 15:51:47
DecentBet,DBET,19008,0.37,0.33,0.27,0.36,2018-03-14 15:51:47
OriginTrail,TRAC,558954,0.12,0.4,0.3,0.36,2018-03-14 15:51:47
Bitmark,BTM,5537,0.46,0.23,0.28,0.36,2018-03-14 15:51:47
Blocktix,TIX,4825038,0.15,0.34,0.27,0.36,2018-03-14 15:51:47
Phore,PHR,32265,0.55,0.12,0.3,0.36,2018-03-14 15:51:47
MATRYX,MTX,2751308,0.14,0.28,0.41,0.36,2018-03-14 15:51:47
EverGreenCoin,EGC,7078,0.5,0.28,0.31,0.36,2018-03-14 15:51:47
Neutron,NTRN,12049,0.49,0.26,0.38,0.36,2018-03-14 15:51:47
High Performance Blockchain,HPB,3790070,0.0,0.33,0.4,0.36,2018-03-14 15:51:47
Wings,WINGS,2208681,0.0,0.36,0.38,0.35,2018-03-14 15:51:47
Qlink,QLC,279760,0.14,0.4,0.3,0.35,2018-03-14 15:51:47
Spectrecoin,XSPEC,18318,0.32,0.34,0.31,0.35,2018-03-14 15:51:47
Pinkcoin,PC,34603,0.39,0.32,0.32,0.35,2018-03-14 15:51:47
SALT,SALT,5902848,0.12,0.16,0.41,0.35,2018-03-14 15:51:47
Maker,MKR,480881,0.0,0.35,0.45,0.35,2018-03-14 15:51:47
Moeda Loyalty Points,MDA, 1446938,0.17,0.33,0.3,0.35,2018-03-14 15:51:47
SaluS,SLS,4040282,0.15,0.072,0.45,0.35,2018-03-14 15:51:47
Startcoin,START,147137,0.42,0.28,0.32,0.35,2018-03-14 15:51:47
Verify,CRED,6317,0.37,0.35,0.47,0.35,2018-03-14 15:51:47
Altcoin,ALT,3501,0.18,0.58,0.41,0.35,2018-03-14 15:51:47
Karbo,KRB,18857,0.55,0.21,0.31,0.35,2018-03-14 15:51:47
Polis,POLIS,91482,0.6,0.056,0.29,0.35,2018-03-14 15:51:47
HOdlcoin,HODL,68,0.61,0.24,0.31,0.35,2018-03-14 15:51:47
Decision Token,HST,150624,0.15,0.36,0.38,0.35,2018-03-14 15:51:47
Pillar,PLR,83041,0.12,0.36,0.34,0.35,2018-03-14 15:51:47
Delphy,DPY,4517042,0.34,0.063,0.38,0.35,2018-03-14 15:51:47
DigitalNote,XDN,2977741,0.23,0.13,0.3,0.35,2018-03-14 15:51:47
BitcoinZ,BTCZ,20951,0.35,0.32,0.31,0.35,2018-03-14 15:51:47
CRYPTO20,C20,2391290,0.17,0.15,0.28,0.35,2018-03-14 15:51:47
Blox,CDT,553278,0.13,0.36,0.28,0.35,2018-03-14 15:51:47
Unikoin Gold,UKG,508193,0.18,0.33,0.25,0.35,2018-03-14 15:51:47
IoT Chain,ITC,9032830,0.18,0.08,0.37,0.35,2018-03-14 15:51:47
ICOS,ICOS,148676,0.0,0.54,0.36,0.35,2018-03-14 15:51:47
Fastcoin,FST,890,0.52,0.3,0.31,0.35,2018-03-14 15:51:47
Maxcoin,MAX,243,0.51,0.31,0.31,0.35,2018-03-14 15:51:47
Zap,ZAP,18445,0.5,0.099,0.47,0.35,2018-03-14 15:51:47
WaBi,WABI,964510,0.0,0.42,0.29,0.35,2018-03-14 15:51:47
Digitalcoin,DGC,422,0.5,0.33,0.33,0.35,2018-03-14 15:51:47
Mobius,MOBI,160447,0.15,0.34,0.31,0.35,2018-03-14 15:51:47
SportyCo,SPF,945163,0.14,0.35,0.27,0.35,2018-03-14 15:51:47
Goldcoin,GLD,25833,0.43,0.29,0.31,0.34,2018-03-14 15:51:47
NoLimitCoin,NLC2,122594,0.43,0.14,0.34,0.34,2018-03-14 15:51:47
Paccoin,$PAC,365579,0.52,0.45,0.34,0.34,2018-03-14 15:51:47
BitDegree,BDG,8040,0.33,0.38,0.27,0.34,2018-03-14 15:51:47
Grid+,GRID,21521,0.35,0.33,0.3,0.34,2018-03-14 15:51:47
DomRaider,DRT,22321,0.33,0.33,0.27,0.34,2018-03-14 15:51:47
Rock Token,RKT,425026,0.12,0.23,0.5,0.34,2018-03-14 15:51:47
Riecoin,RIC,66911,0.36,0.27,0.3,0.34,2018-03-14 15:51:47
Magi,XMG,13655,0.44,0.31,0.28,0.34,2018-03-14 15:51:47
DeepBrain Chain,DBC,2183859,0.0,0.35,0.29,0.34,2018-03-14 15:51:47
Espers,ESP,39632,0.47,0.23,0.32,0.34,2018-03-14 15:51:47
Internet Node Token,INT,540183,0.16,0.23,0.36,0.34,2018-03-14 15:51:47
Populous,PPT,6372160,0.12,0.087,0.36,0.34,2018-03-14 15:51:47
Eidoo,EDO,910873,0.0,0.36,0.3,0.34,2018-03-14 15:51:47
MonetaryUnit,MUE,219404,0.34,0.14,0.33,0.34,2018-03-14 15:51:47
Elastos,ELA,9201456,0.38,0.42,0.27,0.34,2018-03-14 15:51:47
Open Trading Network,OTN,84806,0.19,0.33,0.5,0.34,2018-03-14 15:51:47
Ergo,EFYT,2767,0.68,0.06,0.32,0.34,2018-03-14 15:51:47
Bata,BTA,5403,0.51,0.24,0.36,0.34,2018-03-14 15:51:47
Gambit,GAM,1523,0.56,0.076,0.35,0.34,2018-03-14 15:51:47
Viuly,VIU,371914,0.15,0.32,0.39,0.33,2018-03-14 15:51:47
Earthcoin,EAC,7,0.4,0.29,0.3,0.33,2018-03-14 15:51:47
DopeCoin,DOPE,141086,0.37,0.24,0.27,0.33,2018-03-14 15:51:47
ShadowCash,SDC,12,0.57,0.2,0.28,0.33,2018-03-14 15:51:47
XP,XP,223677,0.0,0.42,0.35,0.33,2018-03-14 15:51:47
Fedoracoin,TIPS,4745,0.38,0.33,0.28,0.33,2018-03-14 15:51:47
STRAKS,STAK,17086,0.45,0.28,0.3,0.33,2018-03-14 15:51:47
Mothership,MSP,66897,0.48,0.083,0.29,0.33,2018-03-14 15:51:47
Ink Protocol,XNK,12105,0.47,0.13,0.44,0.33,2018-03-14 15:51:47
Spectre.ai Utility Token,SXUT,1526570,0.0,0.31,0.29,0.33,2018-03-14 15:51:47
Netcoin,NET,1946,0.53,0.25,0.28,0.33,2018-03-14 15:51:47
TrustPlus,TRUST,23434,0.38,0.23,0.33,0.33,2018-03-14 15:51:47
VIBE,VIBE,1055733,0.15,0.14,0.37,0.33,2018-03-14 15:51:47
DigixDAO,DGD,9225980,0.0,0.083,0.33,0.33,2018-03-14 15:51:47
IOStoken,IOST,29680298,0.0,0.11,0.31,0.33,2018-03-14 15:51:47
Radium,RADS,233592,0.39,0.064,0.41,0.33,2018-03-14 15:51:47
AudioCoin,ADC,12587,0.65,0.071,0.28,0.33,2018-03-14 15:51:47
Boolberry,BBR,6491,0.44,0.25,0.31,0.33,2018-03-14 15:51:47
Gifto,GTO,2831545,0.15,0.15,0.3,0.33,2018-03-14 15:51:47
Energycoin,ENRG,11494,0.39,0.29,0.31,0.33,2018-03-14 15:51:47
ArtByte,ABY,38693,0.28,0.38,0.28,0.33,2018-03-14 15:51:47
VoteCoin,VOT,828,0.6,0.19,0.34,0.33,2018-03-14 15:51:47
Blockport,BPT,177157,0.16,0.28,0.29,0.33,2018-03-14 15:51:47
Blockpool,BPL,3548,0.43,0.27,0.33,0.33,2018-03-14 15:51:47
Hush,HUSH,13330,0.32,0.26,0.43,0.33,2018-03-14 15:51:47
Rubycoin,RBY,15373,0.38,0.26,0.3,0.33,2018-03-14 15:51:47
Swarm,SWM,2469,0.3,0.3,0.34,0.33,2018-03-14 15:51:47
Oxycoin,OXY,1243,0.28,0.33,0.39,0.33,2018-03-14 15:51:47
Flixxo,FLIXX,445443,0.12,0.35,0.28,0.33,2018-03-14 15:51:47
SpankChain,SPANK,150137,0.14,0.37,0.073,0.33,2018-03-14 15:51:47
MediShares,MDS,7409242,0.13,0.06,0.31,0.33,2018-03-14 15:51:47
Mooncoin,MOON,10400,0.33,0.31,0.36,0.33,2018-03-14 15:51:47
indaHash,IDH,198719,0.16,0.34,0.27,0.33,2018-03-14 15:51:47
LEOcoin,LEO,7207,0.33,0.3,0.3,0.33,2018-03-14 15:51:47
Creditbit,CRB,45118,0.31,0.29,0.32,0.32,2018-03-14 15:51:47
ExclusiveCoin,EXCL,745311,0.35,0.082,0.31,0.32,2018-03-14 15:51:47
Olympus Labs,MOT,538421,0.12,0.27,0.3,0.32,2018-03-14 15:51:47
Zeitcoin,ZEIT,3961,0.4,0.29,0.28,0.32,2018-03-14 15:51:47
Metal,MTL,13701900,0.0,0.15,0.33,0.32,2018-03-14 15:51:47
Anoncoin,ANC,498,0.47,0.24,0.31,0.32,2018-03-14 15:51:47
Linx,LINX,13906,0.34,0.26,0.48,0.32,2018-03-14 15:51:47
Karma,KRM,12415,0.33,0.26,0.37,0.32,2018-03-14 15:51:47
Wagerr,WGR,43594,0.14,0.37,0.27,0.32,2018-03-14 15:51:47
Tezos,XTZ,210138,0.48,0.45,0.32,0.32,2018-03-14 15:51:47
Sexcoin,SXC,5417,0.43,0.26,0.31,0.32,2018-03-14 15:51:47
LockChain,LOC,52813,0.38,0.14,0.46,0.32,2018-03-14 15:51:47
GlobalToken,GLT,383,0.58,0.19,0.31,0.32,2018-03-14 15:51:47
Elastic,XEL,183110,0.12,0.29,0.43,0.32,2018-03-14 15:51:47
Privatix,PRIX,328,0.39,0.31,0.27,0.32,2018-03-14 15:51:47
DNotes,NOTE,652,0.38,0.3,0.32,0.32,2018-03-14 15:51:47
Stealthcoin,XST,42035,0.33,0.22,0.3,0.32,2018-03-14 15:51:47
Cofound.it,CFI,2275366,0.12,0.14,0.3,0.32,2018-03-14 15:51:47
Veritaseum,VERI,415084,0.15,0.12,0.35,0.32,2018-03-14 15:51:47
Bottos,BTO,371548,0.2,0.18,0.29,0.32,2018-03-14 15:51:47
Pareto Network,PARETO,36451,0.14,0.42,0.29,0.32,2018-03-14 15:51:47
Maza,MZC,2627,0.39,0.32,0.26,0.32,2018-03-14 15:51:47
Power Ledger,POWR,19047736,0.0,0.17,0.29,0.32,2018-03-14 15:51:47
Chaincoin,CHC,2932,0.68,0.0,0.31,0.32,2018-03-14 15:51:47
BitcoinDark,BTCD,190403,0.29,0.28,0.32,0.32,2018-03-14 15:51:47
SmartMesh,SMT,3812838,0.15,0.071,0.29,0.32,2018-03-14 15:51:47
SHIELD,XSH,30659,0.46,0.078,0.34,0.32,2018-03-14 15:51:47
Terracoin,TRC,2379,0.37,0.3,0.29,0.32,2018-03-14 15:51:47
Quark,QRK,791,0.37,0.29,0.35,0.32,2018-03-14 15:51:47
Covesting,COV,59038,0.17,0.29,0.4,0.32,2018-03-14 15:51:47
Asiacoin,AC,5480,0.38,0.21,0.29,0.32,2018-03-14 15:51:47
HEROcoin,PLAY,164724,0.19,0.32,0.29,0.32,2018-03-14 15:51:47
Change,CAG,738891,0.12,0.15,0.41,0.32,2018-03-14 15:51:47
Elementrem,ELE,1183,0.46,0.25,0.29,0.32,2018-03-14 15:51:47
BitSwift,SWIFT,1566,0.41,0.25,0.31,0.32,2018-03-14 15:51:47
CampusCoin,CMPCO,16865,0.37,0.29,0.31,0.32,2018-03-14 15:51:47
Snovio,SNOV,1022796,0.0,0.37,0.27,0.31,2018-03-14 15:51:47
Soarcoin,SOAR,49145,0.36,0.18,0.31,0.31,2018-03-14 15:51:47
Syndicate,SYNX,208087,0.31,0.1,0.39,0.31,2018-03-14 15:51:47
Zetacoin,ZET,908,0.42,0.28,0.29,0.31,2018-03-14 15:51:47
Hobonickels,HBN,5,0.49,0.2,0.32,0.31,2018-03-14 15:51:47
Blitzcash,BLITZ,130360,0.53,0.076,0.29,0.31,2018-03-14 15:51:47
Unify,UNIFY,3129,0.42,0.28,0.28,0.31,2018-03-14 15:51:47
Divi,DIVX,100163,0.12,0.33,0.35,0.31,2018-03-14 15:51:47
InvestFeed,IFT,70334,0.14,0.37,0.27,0.31,2018-03-14 15:51:47
AirToken,AIR,346800,0.12,0.32,0.26,0.31,2018-03-14 15:51:47
Tao,XTO,4591,0.46,0.065,0.43,0.31,2018-03-14 15:51:47
Patientory,PTOY,626167,0.0,0.35,0.27,0.31,2018-03-14 15:51:47
MonacoCoin,XMCC,17028,0.26,0.35,0.29,0.31,2018-03-14 15:51:47
Ethos,ETHOS,20229,0.0,0.44,0.33,0.31,2018-03-14 15:51:47
GoByte,GBX,106807,0.29,0.14,0.3,0.31,2018-03-14 15:51:47
Medicalchain,MTN,11781401,0.0,0.14,0.29,0.31,2018-03-14 15:51:47
PayPie,PPP,148531,0.0,0.35,0.28,0.31,2018-03-14 15:51:47
Numeraire,NMR,1197631,0.0,0.29,0.3,0.31,2018-03-14 15:51:47
Kobocoin,KOBO,298,0.53,0.15,0.31,0.31,2018-03-14 15:51:47
Bitcloud,BTDX,3790,0.38,0.25,0.28,0.31,2018-03-14 15:51:47
SophiaTX,SPHTX,67401,0.0,0.4,0.27,0.31,2018-03-14 15:51:47
TaaS,TAAS,260661,0.0,0.34,0.37,0.31,2018-03-14 15:51:47
Worldcoin,WDC,1267,0.41,0.24,0.32,0.31,2018-03-14 15:51:47
Lykke,LKK,125484,0.17,0.31,0.27,0.31,2018-03-14 15:51:47
Piggycoin,PIGGY,328,0.42,0.26,0.28,0.31,2018-03-14 15:51:47
Pura,PURA,506841,0.12,0.14,0.36,0.31,2018-03-14 15:51:47
Rebellious,REBL,558284,0.0,0.31,0.36,0.31,2018-03-14 15:51:47
Sequence,SEQ,24485,0.46,0.076,0.48,0.31,2018-03-14 15:51:47
Everus,EVR,754386,0.12,0.22,0.31,0.31,2018-03-14 15:51:47
Lampix,PIX,15650,0.28,0.32,0.27,0.31,2018-03-14 15:51:47
Operacoin,OCN,11014700,0.0,0.12,0.31,0.31,2018-03-14 15:51:47
Catcoin,CAT,315,0.42,0.3,0.28,0.31,2018-03-14 15:51:47
WhaleCoin,WHL,42239,0.38,0.19,0.32,0.31,2018-03-14 15:51:47
ALIS,ALIS,31393,0.41,0.085,0.35,0.31,2018-03-14 15:51:47
TEKcoin,TEK,389,0.52,0.18,0.28,0.31,2018-03-14 15:51:47
TurtleCoin,TRTL,8023,0.72,0.35,0.35,0.3,2018-03-14 15:51:47
Ellaism,ELLA,40448,0.26,0.26,0.39,0.3,2018-03-14 15:51:47
XGOX,XGOX,168356,0.31,0.12,0.35,0.3,2018-03-14 15:51:47
Cryptopay,CPAY,46063,0.35,0.24,0.31,0.3,2018-03-14 15:51:47
Spectre.ai Dividend Token,SXDT,40237,0.13,0.31,0.27,0.3,2018-03-14 15:51:47
MicroMoney,AMM,189747,0.19,0.21,0.3,0.3,2018-03-14 15:51:47
Cryptonex,CNX,186959,0.15,0.18,0.27,0.3,2018-03-14 15:51:47
Tokenomy,TEN,2264694,0.0,0.13,0.28,0.3,2018-03-14 15:51:47
TIES Network,TIE,74409,0.11,0.32,0.34,0.3,2018-03-14 15:51:47
BridgeCoin,BCO,27991,0.32,0.087,0.34,0.3,2018-03-14 15:51:47
EuropeCoin,ERC,5717,0.44,0.12,0.32,0.3,2018-03-14 15:51:47
Publica,PBL,23138,0.14,0.37,0.34,0.3,2018-03-14 15:51:47
Dai,DAI,5683,0.16,0.35,0.37,0.3,2018-03-14 15:51:47
CrowdCoin,CRC,20191,0.47,0.11,0.28,0.3,2018-03-14 15:51:47
SpreadCoin,SPR,33043,0.32,0.22,0.32,0.3,2018-03-14 15:51:47
LoMoCoin,LMC,34685,0.11,0.33,0.28,0.3,2018-03-14 15:51:47
Electra,ECA,62444,0.33,0.082,0.38,0.3,2018-03-14 15:51:47
BlockCAT,CAT,52828,0.17,0.34,0.27,0.3,2018-03-14 15:51:47
Cannacoin,CCN,280,0.32,0.34,0.31,0.3,2018-03-14 15:51:47
ALQO,ALQO,83291,0.14,0.27,0.3,0.3,2018-03-14 15:51:47
MyWish,WISH,25893,0.3,0.24,0.31,0.3,2018-03-14 15:51:47
CPChain,CPC,3528720,0.13,0.074,0.27,0.3,2018-03-14 15:51:47
Solarcoin,SLR,21119,0.36,0.078,0.33,0.3,2018-03-14 15:51:47
ATLANT,ATL,7287,0.25,0.32,0.36,0.3,2018-03-14 15:51:47
Waves Community Token,WCT,22130,0.0,0.5,0.27,0.3,2018-03-14 15:51:47
Envion,EVN,96707,0.16,0.17,0.28,0.3,2018-03-14 15:51:47
HEAT,HEAT,4651,0.43,0.13,0.32,0.3,2018-03-14 15:51:47
Foldingcoin,FLDC,396964,0.14,0.25,0.3,0.3,2018-03-14 15:51:47
Sphere,SPHR,165300,0.13,0.18,0.4,0.29,2018-03-14 15:51:47
FlypMe,FYP,346,0.31,0.29,0.27,0.29,2018-03-14 15:51:47
Argentum,ARG,174,0.55,0.063,0.32,0.29,2018-03-14 15:51:47
Decent,DCT,576487,0.0,0.16,0.41,0.29,2018-03-14 15:51:47
WINCOIN,WC,95114,0.15,0.14,0.32,0.29,2018-03-14 15:51:47
AidCoin,AID,45729,0.13,0.25,0.28,0.29,2018-03-14 15:51:47
Odyssey,OCN,10554804,0.0,0.04,0.38,0.29,2018-03-14 15:51:47
Dimecoin,DIME,30187,0.11,0.33,0.31,0.29,2018-03-14 15:51:47
VIVO,VIVO,11203,0.29,0.25,0.31,0.29,2018-03-14 15:51:47
Mercury,MER,10836141,0.0,0.12,0.42,0.29,2018-03-14 15:51:47
Franko,FRK,1,0.41,0.26,0.3,0.29,2018-03-14 15:51:47
CanYaCoin,CAN,96362,0.17,0.17,0.3,0.29,2018-03-14 15:51:47
UFO Coin,UFO,1153,0.33,0.21,0.31,0.29,2018-03-14 15:51:47
Ormeus Coin,ORME,4156338,0.0,0.16,0.3,0.29,2018-03-14 15:51:47
ATMChain,ATM,43534,0.15,0.23,0.29,0.29,2018-03-14 15:51:47
TrezarCoin,TZC,4190,0.27,0.28,0.31,0.29,2018-03-14 15:51:47
Voxels,VOX,9467569,0.0,0.14,0.32,0.29,2018-03-14 15:51:47
Worldcore,WRC,224783,0.0,0.32,0.28,0.29,2018-03-14 15:51:47
Zilla,ZLA,394671,0.0,0.26,0.3,0.29,2018-03-14 15:51:47
bitCNY,BITCNY,16445900,0.0,0.0,0.3,0.29,2018-03-14 15:51:47
CreativeCoin,CREA,10375,0.43,0.13,0.28,0.29,2018-03-14 15:51:47
Aurora DAO,AURA,9752,0.12,0.32,0.28,0.29,2018-03-14 15:51:47
Deutsche eMark,DEM,1000,0.47,0.11,0.33,0.29,2018-03-14 15:51:47
BOScoin,BOS,795085,0.45,0.33,0.28,0.28,2018-03-14 15:51:47
Paycoin,XPY,64,0.6,0.0,0.3,0.28,2018-03-14 15:51:47
NITRO,NOX,659,0.13,0.36,0.37,0.28,2018-03-14 15:51:47
NobleCoin,NOBL,1189,0.27,0.3,0.29,0.28,2018-03-14 15:51:47
Trade Token,TIO,210102,0.12,0.16,0.3,0.28,2018-03-14 15:51:47
Aventus,AVT,485551,0.11,0.21,0.27,0.28,2018-03-14 15:51:47
NAGA,NGC,196675,0.0,0.26,0.31,0.28,2018-03-14 15:51:47
Guncoin,GUN,884,0.36,0.22,0.29,0.28,2018-03-14 15:51:47
Tokes,TKS,376788,0.0,0.3,0.44,0.28,2018-03-14 15:51:47
MobileGo,MGO,169574,0.0,0.28,0.29,0.28,2018-03-14 15:51:47
Freicoin,FRC,44,0.38,0.24,0.28,0.28,2018-03-14 15:51:47
1337,1337,2154,0.36,0.12,0.37,0.28,2018-03-14 15:51:47
bitJob,STU,1409620,0.12,0.15,0.27,0.28,2018-03-14 15:51:47
Condensate,RAIN,4273,0.34,0.19,0.36,0.28,2018-03-14 15:51:47
Bonpay,BON,68414,0.12,0.28,0.27,0.28,2018-03-14 15:51:47
PopularCoin,POP,2842,0.34,0.22,0.31,0.28,2018-03-14 15:51:47
COSS,COSS,742266,0.0,0.17,0.33,0.28,2018-03-14 15:51:47
BoostCoin,BOST,1608,0.43,0.18,0.31,0.28,2018-03-14 15:51:47
Hexx,HXX,8053,0.43,0.062,0.25,0.28,2018-03-14 15:51:47
aXpire,AXP,48113,0.0,0.27,0.44,0.28,2018-03-14 15:51:47
Influxcoin,INFX,2969,0.32,0.2,0.31,0.28,2018-03-14 15:51:47
Jesus Coin,JC,453457,0.12,0.25,0.28,0.28,2018-03-14 15:51:47
Capricoin,CPC,106952,0.31,0.029,0.33,0.28,2018-03-14 15:51:47
Ixcoin,IXC,34,0.37,0.16,0.28,0.28,2018-03-14 15:51:47
Peerplays,PPY,62,0.15,0.33,0.28,0.28,2018-03-14 15:51:47
Fantomcoin,FCN,363,0.37,0.21,0.32,0.28,2018-03-14 15:51:47
Universal Currency,UNIT,80689,0.24,0.11,0.38,0.28,2018-03-14 15:51:47
HelloGold,HGT,14709,0.14,0.31,0.3,0.28,2018-03-14 15:51:47
Skeincoin,SKC,1513,0.47,0.097,0.28,0.28,2018-03-14 15:51:47
Game,GTC,537985,0.13,0.0,0.42,0.28,2018-03-14 15:51:47
REAL,REAL,292,0.35,0.14,0.41,0.28,2018-03-14 15:51:47
InsaneCoin,INSN,1551,0.41,0.13,0.31,0.28,2018-03-14 15:51:47
Circuits of Value,COVAL,45265,0.12,0.24,0.38,0.28,2018-03-14 15:51:47
Opus,OPT,90,0.17,0.32,0.32,0.28,2018-03-14 15:51:47
Hacken,HKN,38353,0.0,0.33,0.29,0.28,2018-03-14 15:51:47
KoreCoin,KORE,547174,0.091,0.082,0.3,0.28,2018-03-14 15:51:47
Devery,EVE,33268,0.15,0.26,0.28,0.28,2018-03-14 15:51:47
Magnet,MAG,13398,0.34,0.15,0.29,0.28,2018-03-14 15:51:47
Machinecoin,MAC,614,0.36,0.18,0.31,0.28,2018-03-14 15:51:47
ProChain,PRO,582884,0.12,0.067,0.38,0.28,2018-03-14 15:51:47
Restart Energy MWAT,MWAT,164335,0.13,0.29,0.42,0.27,2018-03-14 15:51:47
Global Jobcoin,GJC, 1195,0.13,0.36,0.29,0.27,2018-03-14 15:51:47
Bitstar,BITS,33,0.34,0.22,0.28,0.27,2018-03-14 15:51:47
Hedge,HDG,537,0.12,0.32,0.34,0.27,2018-03-14 15:51:47
Vsync,VSX,3241,0.41,0.073,0.33,0.27,2018-03-14 15:51:47
Iungo,ING,33749,0.14,0.31,0.28,0.27,2018-03-14 15:51:47
DCORP,DRP,2736,0.15,0.34,0.27,0.27,2018-03-14 15:51:47
Truckcoin,TRK,83,0.4,0.16,0.31,0.27,2018-03-14 15:51:47
DigitalPrice,DP,9765,0.3,0.22,0.29,0.27,2018-03-14 15:51:47
Payfair,PFR,763,0.12,0.34,0.29,0.27,2018-03-14 15:51:47
Internxt,INXT,5273,0.17,0.29,0.33,0.27,2018-03-14 15:51:47
Profile Utility Token,PUT,433029,0.0,0.14,0.44,0.27,2018-03-14 15:51:47
Intelligent Trading Tech,ITT,,0.63,0.3,0.4,0.27,2018-03-14 15:51:47
All Sports,SOC,1792880,0.0,0.079,0.44,0.27,2018-03-14 15:51:47
QunQun,QUN,3151435,0.0,0.077,0.27,0.27,2018-03-14 15:51:47
Megacoin,MEC,437,0.2,0.31,0.35,0.27,2018-03-14 15:51:47
Presearch,PRE,24736,0.15,0.23,0.27,0.27,2018-03-14 15:51:47
AidBit,AID,22904,0.27,0.057,0.3,0.27,2018-03-14 15:51:47
DubaiCoin-DBIX,DBIX,54311,0.17,0.14,0.31,0.27,2018-03-14 15:51:47
CHIPS,CHIPS,1625,0.13,0.31,0.34,0.27,2018-03-14 15:51:47
Tagcoin,TAG,433,0.32,0.23,0.29,0.27,2018-03-14 15:51:47
Elixir,ELIX,46238,0.0,0.32,0.37,0.27,2018-03-14 15:51:47
True Chain,TRUE,11018100,0.0,0.0,0.28,0.27,2018-03-14 15:51:47
Sterlingcoin,SLG,159,0.34,0.21,0.28,0.27,2018-03-14 15:51:47
AdCoin,ACC,11616,0.34,0.2,0.29,0.27,2018-03-14 15:51:47
Electronic Gulden,EFL,6662,0.16,0.22,0.35,0.27,2018-03-14 15:51:47
GlobalCoin,GLC,15,0.36,0.2,0.3,0.27,2018-03-14 15:51:47
CoinMeet,MEE,8588000,0.0,0.075,0.27,0.27,2018-03-14 15:51:47
Moin,MOIN,3625,0.17,0.28,0.41,0.27,2018-03-14 15:51:47
CargoX,CXO,46484,0.0,0.32,0.27,0.27,2018-03-14 15:51:47
Qbao,QBT,2789000,0.0,0.071,0.28,0.27,2018-03-14 15:51:47
EncrypGen,DNA,38634,0.0,0.33,0.27,0.27,2018-03-14 15:51:47
FundYourselfNow,FYN,291,0.19,0.3,0.27,0.27,2018-03-14 15:51:47
PepeCash,PEPECASH,92704,0.0,0.24,0.3,0.27,2018-03-14 15:51:47
Triggers,TRIG,3720847,0.0,0.0,0.45,0.27,2018-03-14 15:51:47
Teslacoin,TES,1767,0.38,0.076,0.32,0.26,2018-03-14 15:51:47
Gimli,GIM,29,0.36,0.14,0.32,0.26,2018-03-14 15:51:47
RonPaulCoin,RPC,2616,0.32,0.24,0.28,0.26,2018-03-14 15:51:47
Qbic,QBIC,11391,0.4,0.11,0.28,0.26,2018-03-14 15:51:47
Marscoin,MARS,443,0.3,0.23,0.31,0.26,2018-03-14 15:51:47
Maecenas,ART,779,0.12,0.28,0.29,0.26,2018-03-14 15:51:47
EOT Token,EOT,2980,0.3,0.24,0.34,0.26,2018-03-14 15:51:47
Innova,INN,29659,0.31,0.076,0.36,0.26,2018-03-14 15:51:47
Universa,UTNP,206231,0.0,0.13,0.42,0.26,2018-03-14 15:51:47
RouletteToken,RLT,113659,0.14,0.22,0.27,0.26,2018-03-14 15:51:47
Firstcoin,FRST,169891,0.14,0.16,0.37,0.26,2018-03-14 15:51:47
Motocoin,MOTO,291,0.37,0.16,0.28,0.26,2018-03-14 15:51:47
Scorecoin,SCORE,702,0.33,0.17,0.31,0.26,2018-03-14 15:51:47
KekCoin,KEK,369,0.35,0.14,0.28,0.26,2018-03-14 15:51:47
Soma,SCT,2712,0.29,0.13,0.47,0.26,2018-03-14 15:51:47
SkinCoin,SKIN,105735,0.21,0.14,0.31,0.26,2018-03-14 15:51:47
Dynamic Trading Rights,DTR,49424,0.0,0.22,0.45,0.26,2018-03-14 15:51:47
SmartBillions,SMART,240,0.2,0.25,0.29,0.26,2018-03-14 15:51:47
Farad,FRD,88807,0.14,0.15,0.41,0.26,2018-03-14 15:51:47
Bitcoin Scrypt,BTCS,1076,0.36,0.11,0.33,0.26,2018-03-14 15:51:47
Dotcoin,DOT,31541,0.12,0.19,0.39,0.26,2018-03-14 15:51:47
Nyancoin,NYAN,108,0.18,0.33,0.27,0.26,2018-03-14 15:51:47
Pandacoin,PND,4008,0.38,0.0,0.3,0.26,2018-03-14 15:51:47
Qvolta,QVT,16205,0.15,0.31,0.27,0.26,2018-03-14 15:51:47
LIFE,LIFE,2086481,0.0,0.13,0.41,0.26,2018-03-14 15:51:47
Ruff,RUFF,4545653,0.35,0.13,0.4,0.26,2018-03-14 15:51:47
MyBit Token,MYB,68375,0.15,0.13,0.29,0.26,2018-03-14 15:51:47
Orbitcoin,ORB,731,0.4,0.064,0.31,0.26,2018-03-14 15:51:47
BitUSD,BITUSD,616007,0.0,0.09,0.3,0.26,2018-03-14 15:51:47
Wild Crypto,WILD,25836,0.31,0.12,0.3,0.26,2018-03-14 15:51:47
Chronologic,DAY,978,0.45,0.0,0.3,0.26,2018-03-14 15:51:47
PhilosopherStone,PHS,1211,0.48,0.0,0.36,0.26,2018-03-14 15:51:47
BlakeStar,BLAS,45,0.35,0.13,0.29,0.26,2018-03-14 15:51:47
Indorse,IND,97586,0.0,0.31,0.27,0.26,2018-03-14 15:51:47
Opal,OPAL,155,0.43,0.062,0.3,0.26,2018-03-14 15:51:47
Super Bitcoin [Futures],SBTC,319345,0.64,0.079,0.31,0.26,2018-03-14 15:51:47
E-Dinar Coin,EDR,38228,0.16,0.15,0.33,0.26,2018-03-14 15:51:47
Unitus,UIS,1393,0.19,0.26,0.34,0.26,2018-03-14 15:51:47
Ethorse,HORSE,20612,0.12,0.25,0.28,0.26,2018-03-14 15:51:47
NVO,NVST,1555,0.078,0.31,0.29,0.26,2018-03-14 15:51:47
Block Array,ARY,13494,0.074,0.23,0.35,0.26,2018-03-14 15:51:47
Bitcoin Fast,BCF,653,0.37,0.073,0.44,0.25,2018-03-14 15:51:47
CoinonatX,XCXT,371,0.41,0.1,0.26,0.25,2018-03-14 15:51:47
Eroscoin,ERO,102733,0.12,0.14,0.28,0.25,2018-03-14 15:51:47
Pesetacoin,PTC,8535,0.16,0.22,0.28,0.25,2018-03-14 15:51:47
FidentiaX,FDX,79913,0.0,0.27,0.29,0.25,2018-03-14 15:51:47
IHT Real Estate Protocol,IHT,626143,0.0,0.0,0.44,0.25,2018-03-14 15:51:47
SagaCoin,SAGA,78903,0.25,0.061,0.33,0.25,2018-03-14 15:51:47
2GIVE,2GIVE,63779,0.086,0.25,0.3,0.25,2018-03-14 15:51:47
Sprouts,SPRTS,9475,0.32,0.1,0.28,0.25,2018-03-14 15:51:47
Joulecoin,XJO,2399,0.34,0.14,0.29,0.25,2018-03-14 15:51:47
Blakecoin,BLC,252,0.41,0.072,0.3,0.25,2018-03-14 15:51:47
Embers,MBRS,2100,0.12,0.29,0.37,0.25,2018-03-14 15:51:47
ArcticCoin,ARC,5360,0.32,0.12,0.3,0.25,2018-03-14 15:51:47
Octocoin,888,638,0.33,0.17,0.31,0.25,2018-03-14 15:51:47
LiteDoge,LDOGE,1416,0.34,0.11,0.28,0.25,2018-03-14 15:51:47
Uquid Coin,UQC,35348,0.12,0.14,0.29,0.25,2018-03-14 15:51:47
CryptCoin,CRYPT,0,0.15,0.28,0.27,0.25,2018-03-14 15:51:47
Geocoin,GEO,170500,0.18,0.081,0.34,0.25,2018-03-14 15:51:47
GameUnits,UNITS,48,0.34,0.16,0.29,0.25,2018-03-14 15:51:47
Xaurum,XAUR,8461,0.16,0.15,0.31,0.25,2018-03-14 15:51:47
IncaKoin,NKA,1662,0.29,0.13,0.31,0.25,2018-03-14 15:51:47
Bunnycoin,BUN,387,0.12,0.27,0.29,0.25,2018-03-14 15:51:47
Neoscoin,NEOS,203991,0.12,0.09,0.33,0.25,2018-03-14 15:51:47
Nework,NKC,4264817,0.0,0.0,0.35,0.25,2018-03-14 15:51:47
U.CASH,UCASH,6693,0.0,0.27,0.36,0.25,2018-03-14 15:51:47
Clubcoin,CLUB,156123,0.36,0.26,0.33,0.25,2018-03-14 15:51:47
LanaCoin,LANA,359,0.31,0.12,0.39,0.25,2018-03-14 15:51:47
Monkey Project,MONK,44802,0.31,0.0,0.34,0.25,2018-03-14 15:51:47
BitDice,CSNO,700,0.13,0.26,0.27,0.25,2018-03-14 15:51:47
BuzzCoin,BUZZ,7937,0.34,0.042,0.31,0.25,2018-03-14 15:51:47
Ratecoin,XRA,79,0.39,0.078,0.31,0.25,2018-03-14 15:51:47
Etheroll,DICE,936,0.0,0.29,0.29,0.25,2018-03-14 15:51:47
Trollcoin,TROLL,42,0.29,0.15,0.31,0.25,2018-03-14 15:51:47
Smartlands,SLT,127923,0.13,0.12,0.27,0.25,2018-03-14 15:51:47
Bitconnect,BCC,20717,0.2,0.096,0.29,0.25,2018-03-14 15:51:47
Uro,URO,21,0.35,0.17,0.29,0.25,2018-03-14 15:51:47
Pakcoin,PAK,1447,0.31,0.14,0.31,0.25,2018-03-14 15:51:47
Hackspace Capital,HAC,668345,0.0,0.15,0.27,0.25,2018-03-14 15:51:47
Rimbit,RBT,3203,0.3,0.16,0.27,0.25,2018-03-14 15:51:47
DEW,DEW,95504,0.0,0.094,0.4,0.25,2018-03-14 15:51:47
DigiPulse,DGPT,21808,0.13,0.25,0.27,0.25,2018-03-14 15:51:47
Gatcoin,GAT,12297,0.0,0.3,0.31,0.25,2018-03-14 15:51:47
DMarket,DMT,77669,0.37,0.35,0.29,0.25,2018-03-14 15:51:47
Dashcoin,DSH,190,0.12,0.32,0.35,0.25,2018-03-14 15:51:47
Flycoin,FLY,11,0.43,0.0,0.31,0.25,2018-03-14 15:51:47
SwagBucks,BUCKS,1083,0.35,0.064,0.39,0.25,2018-03-14 15:51:47
Belacoin,BELA,16151,0.17,0.079,0.3,0.25,2018-03-14 15:51:47
Streamr DATAcoin,DATA,17270,0.16,0.084,0.27,0.25,2018-03-14 15:51:47
AdShares,ADST,24056,0.1,0.28,0.29,0.25,2018-03-14 15:51:47
SproutsExtreme,SPEX,174,0.28,0.19,0.29,0.24,2018-03-14 15:51:47
HollyWoodCoin,HWC,121263,0.13,0.075,0.32,0.24,2018-03-14 15:51:47
B2B,B2B,29286,0.0,0.14,0.39,0.24,2018-03-14 15:51:47
Primalbase,PBT,538106,0.0,0.12,0.27,0.24,2018-03-14 15:51:47
ATN,ATN,76367,0.14,0.06,0.31,0.24,2018-03-14 15:51:47
Huobi Token,HT,56105133,0.0,0.26,0.36,0.24,2018-03-14 15:51:47
InsureX,IXT,48346,0.0,0.21,0.26,0.24,2018-03-14 15:51:47
Money,$$$,122,0.13,0.28,0.49,0.24,2018-03-14 15:51:47
Winding Tree,LIF,221,0.66,0.14,0.43,0.24,2018-03-14 15:51:47
SpaceChain,SPC,68201,0.0,0.068,0.26,0.24,2018-03-14 15:51:47
HODL Bucks,HDLB,1693,0.61,0.24,0.3,0.24,2018-03-14 15:51:47
TrueFlip,TFL,200934,0.11,0.073,0.28,0.24,2018-03-14 15:51:47
Bezop,BEZ,10600,0.12,0.2,0.27,0.24,2018-03-14 15:51:47
Crystal Clear,CCT,458,0.13,0.32,0.3,0.24,2018-03-14 15:51:47
Rivetz,RVT,3214,0.0,0.34,0.28,0.24,2018-03-14 15:51:47
Global Currency Reserve,GCR,67541,0.12,0.073,0.3,0.24,2018-03-14 15:51:47
InsurePal,IPL,34983,0.13,0.17,0.27,0.24,2018-03-14 15:51:47
adbank,ADB,17287,0.0,0.3,0.31,0.24,2018-03-14 15:51:47
Propy,PRO,159459,0.0,0.15,0.3,0.24,2018-03-14 15:51:47
Billionaire Token,XBL,132,0.13,0.27,0.4,0.24,2018-03-14 15:51:47
GoldBlocks,GB,304,0.33,0.11,0.29,0.24,2018-03-14 15:51:47
Onix,ONX,2533,0.12,0.25,0.29,0.24,2018-03-14 15:51:47
LiteCoin Ultra,LTCU,750,0.3,0.17,0.36,0.24,2018-03-14 15:51:47
Cypher,CYP,23,0.13,0.27,0.4,0.24,2018-03-14 15:51:47
Smartcoin,SMC,727,0.32,0.097,0.31,0.24,2018-03-14 15:51:47
Firecoin,FIRE,5,0.37,0.086,0.31,0.24,2018-03-14 15:51:47
Bitcoin Plus,XBC,9501,0.1,0.22,0.39,0.24,2018-03-14 15:51:47
Phoenixcoin,PXC,258,0.2,0.22,0.31,0.24,2018-03-14 15:51:47
Matrix AI Network,MAN,307263,0.15,0.39,0.44,0.24,2018-03-14 15:51:47
Ccore,CCO,21,0.13,0.28,0.39,0.24,2018-03-14 15:51:47
Eltcoin,ELTCOIN,136,0.33,0.074,0.29,0.24,2018-03-14 15:51:47
Huntercoin,HUC,12547,0.22,0.13,0.29,0.24,2018-03-14 15:51:47
EthBet,EBET,33,0.18,0.23,0.29,0.24,2018-03-14 15:51:47
Renos,RNS,2247,0.28,0.07,0.41,0.24,2018-03-14 15:51:47
Bitradio,BRO,404,0.19,0.2,0.29,0.24,2018-03-14 15:51:47
GoldReserve,XGR,134,0.31,0.11,0.29,0.24,2018-03-14 15:51:47
Bitbar,BTB,1089,0.26,0.14,0.31,0.24,2018-03-14 15:51:47
Safe Exchange Coin,SAFEX,15066,0.0,0.24,0.33,0.24,2018-03-14 15:51:47
Flash,FLASH,32288,0.12,0.064,0.34,0.24,2018-03-14 15:51:47
Mojocoin,MOJO,4456,0.31,0.095,0.31,0.24,2018-03-14 15:51:47
Ultracoin,UTC,89,0.16,0.26,0.27,0.24,2018-03-14 15:51:47
ProCurrency,PROC,19920,0.26,0.074,0.29,0.24,2018-03-14 15:51:47
QuazarCoin,QCN,2376,0.26,0.21,0.33,0.24,2018-03-14 15:51:47
WandX,WAND,2740,0.12,0.27,0.25,0.24,2018-03-14 15:51:47
Jetcoin,JET,3023,0.13,0.27,0.31,0.24,2018-03-14 15:51:47
Woodcoin,LOG,26,0.29,0.088,0.32,0.24,2018-03-14 15:51:47
Kubera Coin,KBR,132458,0.0,0.24,0.33,0.24,2018-03-14 15:51:47
BitZeny,ZNY,6796,0.13,0.2,0.36,0.24,2018-03-14 15:51:47
RussiaCoin,RC,1312,0.16,0.16,0.31,0.24,2018-03-14 15:51:47
Equal,EQL,14018,0.0,0.25,0.45,0.23,2018-03-14 15:51:47
HTML5COIN,HTML5,34,0.41,0.4,0.29,0.23,2018-03-14 15:51:47
The ChampCoin,TCC,26791,0.12,0.14,0.28,0.23,2018-03-14 15:51:47
Footy Cash,XFT,7243,0.3,0.067,0.29,0.23,2018-03-14 15:51:47
LendConnect,LCT,150966,0.0,0.17,0.28,0.23,2018-03-14 15:51:47
BERNcash,BERN,158,0.3,0.11,0.3,0.23,2018-03-14 15:51:47
VirtualCoin,VC,160,0.31,0.079,0.37,0.23,2018-03-14 15:51:47
Britcoin,BRIT,122,0.13,0.19,0.47,0.23,2018-03-14 15:51:47
Acoin,ACOIN,64,0.16,0.27,0.33,0.23,2018-03-14 15:51:47
LOCIcoin,LOCI,18224,0.0,0.27,0.3,0.23,2018-03-14 15:51:47
TittieCoin,TTC,1084,0.18,0.21,0.31,0.23,2018-03-14 15:51:47
Mincoin,MNC,181,0.14,0.3,0.28,0.23,2018-03-14 15:51:47
Signatum,SIGT,101,0.41,0.0,0.27,0.23,2018-03-14 15:51:47
BiblePay,BBP,8535,0.13,0.24,0.29,0.23,2018-03-14 15:51:47
Ethbits,ETBS,517,0.12,0.32,0.084,0.23,2018-03-14 15:51:47
ATBCoin,ATB,333,0.0,0.3,0.31,0.23,2018-03-14 15:51:47
Cream,CRM,3982,0.15,0.18,0.32,0.23,2018-03-14 15:51:47
OneRoot Network,RNT,175752,0.0,0.077,0.28,0.23,2018-03-14 15:51:47
PutinCoin,PUT,10741,0.0,0.29,0.31,0.23,2018-03-14 15:51:47
COPYTRACK,CPY,3965,0.14,0.15,0.36,0.23,2018-03-14 15:51:47
Measurable Data Token,MDT,60143,0.0,0.13,0.41,0.23,2018-03-14 15:51:47
Blue,BLUE,5938,0.14,0.083,0.45,0.23,2018-03-14 15:51:47
BumbaCoin,BUMBA,1,0.27,0.14,0.31,0.23,2018-03-14 15:51:47
EventChain,EVC,379,0.0,0.32,0.29,0.23,2018-03-14 15:51:47
Quebecoin,QBC,7744,0.16,0.16,0.31,0.23,2018-03-14 15:51:47
Exchange Union,XUC,225008,0.0,0.16,0.36,0.23,2018-03-14 15:51:47
Upfiring,UFR,6836,0.0,0.34,0.27,0.23,2018-03-14 15:51:47
Rupaya,RUPX,9668,0.13,0.23,0.28,0.23,2018-03-14 15:51:47
JavaScript Token,JS,11,0.33,0.056,0.47,0.23,2018-03-14 15:51:47
GanjaCoin,MRJA,6253,0.11,0.2,0.31,0.23,2018-03-14 15:51:47
onG.social,ONG,6154,0.12,0.22,0.27,0.23,2018-03-14 15:51:47
Hawala.Today,HAT,4470,0.0,0.3,0.29,0.23,2018-03-14 15:51:47
Virtacoinplus,XVP,130,0.17,0.24,0.31,0.23,2018-03-14 15:51:47
Trumpcoin,TRUMP,537,0.17,0.2,0.3,0.23,2018-03-14 15:51:47
Yocoin,YOC,88969,0.12,0.12,0.3,0.23,2018-03-14 15:51:47
Colossuscoin V2,CV2,35,0.13,0.26,0.26,0.23,2018-03-14 15:51:47
NewYorkCoin,NYC,28834,0.21,0.0,0.32,0.23,2018-03-14 15:51:47
Pluton,PLU,1742,0.0,0.23,0.36,0.23,2018-03-14 15:51:47
DFSCoin,DFS,20104,0.31,0.052,0.31,0.23,2018-03-14 15:51:47
Breakout Stake,BRX,1435,0.094,0.15,0.41,0.23,2018-03-14 15:51:47
GlobalBoost-Y,BSTY,178,0.17,0.25,0.27,0.23,2018-03-14 15:51:47
SecureCoin,SRC,40,0.18,0.2,0.28,0.23,2018-03-14 15:51:47
Growers International,GRWI,1210,0.12,0.23,0.27,0.23,2018-03-14 15:51:47
Crypterium,CRPT,53913,0.0,0.16,0.29,0.23,2018-03-14 15:51:47
Cryptonite,XCN,1462,0.16,0.2,0.32,0.23,2018-03-14 15:51:47
Mineum,MNM,524,0.28,0.12,0.27,0.23,2018-03-14 15:51:47
Bolivarcoin,BOLI,33279,0.17,0.21,0.3,0.23,2018-03-14 15:51:47
Bitcoin White,BTW,6476,0.17,0.069,0.41,0.23,2018-03-14 15:51:47
Astro,ASTRO,2917,0.0,0.25,0.38,0.23,2018-03-14 15:51:47
StrongHands,SHND,48402,0.28,0.0,0.33,0.23,2018-03-14 15:51:47
Bottlecaps,CAP,0,0.39,0.0,0.38,0.23,2018-03-14 15:51:47
Breakout,BRK,6434,0.094,0.15,0.4,0.23,2018-03-14 15:51:47
TajCoin,TAJ,2147,0.3,0.11,0.27,0.22,2018-03-14 15:51:47
Synergy,SNRG,30252,0.18,0.042,0.38,0.22,2018-03-14 15:51:47
TokenCard,TKN,152404,0.0,0.068,0.29,0.22,2018-03-14 15:51:47
PoSW Coin,POSW,38057,0.19,0.0,0.22,0.22,2018-03-14 15:51:47
Vezt,VZT,3972,0.13,0.15,0.27,0.22,2018-03-14 15:51:47
Incent,INCNT,58739,0.0,0.13,0.3,0.22,2018-03-14 15:51:47
Mercury Protocol,GMT,532,0.0,0.28,0.33,0.22,2018-03-14 15:51:47
REX,REX,0,0.12,0.13,0.37,0.22,2018-03-14 15:51:47
Prizm,PZM,10862,0.18,0.04,0.34,0.22,2018-03-14 15:51:47
Prime-XI,PXI,976,0.31,0.072,0.28,0.22,2018-03-14 15:51:47
Galactrum,ORE,2721,0.24,0.14,0.27,0.22,2018-03-14 15:51:47
ParkByte,PKB,9915,0.14,0.11,0.29,0.22,2018-03-14 15:51:47
Advanced Internet Block,AIB,1226,0.39,0.0,0.29,0.22,2018-03-14 15:51:47
Evil Coin,EVIL,270,0.27,0.065,0.38,0.22,2018-03-14 15:51:47
Fujicoin,FJC,4265,0.13,0.19,0.31,0.22,2018-03-14 15:51:47
WavesGo,WGO,39,0.0,0.43,0.075,0.22,2018-03-14 15:51:47
Pylon Network,PYLNT,31437,0.13,0.12,0.32,0.22,2018-03-14 15:51:47
Bluecoin,BLU,4294,0.16,0.14,0.29,0.22,2018-03-14 15:51:47
Virta Unique Coin,VUC,44644,0.14,0.23,0.27,0.22,2018-03-14 15:51:47
CVCoin,CVCOIN,24465,0.0,0.26,0.28,0.22,2018-03-14 15:51:47
CarTaxi,CTX,628,0.16,0.15,0.3,0.22,2018-03-14 15:51:47
Ethereum Cash,ECASH,4715,0.12,0.18,0.37,0.22,2018-03-14 15:51:47
Aigang,AIX,31099,0.16,0.079,0.27,0.22,2018-03-14 15:51:47
Jinn,JINN,0,0.15,0.041,0.35,0.22,2018-03-14 15:51:47
ReeCoin,REE,194,0.31,0.057,0.31,0.22,2018-03-14 15:51:47
MetalCoin,METAL,2,0.24,0.06,0.31,0.22,2018-03-14 15:51:47
Grantcoin,GRT,0,0.094,0.24,0.31,0.22,2018-03-14 15:51:47
Qora,QORA,37,0.63,0.12,0.29,0.22,2018-03-14 15:51:47
GPU Coin,GPU,11759,0.29,0.071,0.35,0.22,2018-03-14 15:51:47
SongCoin,SONG,354,0.29,0.1,0.31,0.22,2018-03-14 15:51:47
TokenClub,TCT,842786,0.0,0.049,0.24,0.22,2018-03-14 15:51:47
Carboncoin,CARBON,70,0.16,0.12,0.31,0.22,2018-03-14 15:51:47
FIMKrypto,FIMK,186,0.19,0.13,0.31,0.22,2018-03-14 15:51:47
Energo,TSL,594925,0.0,0.0,0.26,0.22,2018-03-14 15:51:47
ToaCoin,TOA,3679,0.15,0.068,0.28,0.22,2018-03-14 15:51:47
InflationCoin,IFLT,468,0.11,0.18,0.31,0.22,2018-03-14 15:51:47
42-coin,42,1441,0.18,0.12,0.3,0.22,2018-03-14 15:51:47
Prospectors Gold,PGL,11,0.12,0.11,0.35,0.22,2018-03-14 15:51:47
BitCrystals,BCY,90560,0.0,0.11,0.31,0.22,2018-03-14 15:51:47
Helleniccoin,HNC,5608,0.29,0.079,0.26,0.22,2018-03-14 15:51:47
Hydro Protocol,HOT,33012,0.0,0.072,0.29,0.22,2018-03-14 15:51:47
Hubii Network,HBT,1928,0.0,0.24,0.28,0.22,2018-03-14 15:51:47
Tracto,TRCT,17213,0.12,0.094,0.37,0.22,2018-03-14 15:51:47
THEKEY,TKY,388667,0.12,0.35,0.37,0.22,2018-03-14 15:51:47
AmsterdamCoin,AMS,224,0.22,0.1,0.31,0.22,2018-03-14 15:51:47
GAIA,GAIA,0,0.16,0.18,0.25,0.22,2018-03-14 15:51:47
Smart Investment Fund Token,SIFT,959,0.19,0.053,0.42,0.21,2018-03-14 15:51:47
InPay,INPAY,2,0.12,0.16,0.32,0.21,2018-03-14 15:51:47
Centurion,CNT,1236,0.15,0.12,0.37,0.21,2018-03-14 15:51:47
vSlice,VSL,10738,0.13,0.12,0.27,0.21,2018-03-14 15:51:47
Crave,CRAVE,10215,0.21,0.052,0.28,0.21,2018-03-14 15:51:47
ZrCoin,ZRC,53209,0.0,0.14,0.28,0.21,2018-03-14 15:51:47
MarteXcoin,MXT,333,0.15,0.12,0.31,0.21,2018-03-14 15:51:47
Nexium,NXC,34535,0.0,0.12,0.31,0.21,2018-03-14 15:51:47
Ethereum Dark,ETHD,8004,0.12,0.16,0.38,0.21,2018-03-14 15:51:47
MCAP,MCAP,136438,0.0,0.061,0.32,0.21,2018-03-14 15:51:47
Speed Mining Service,SMS,5001,0.12,0.082,0.41,0.21,2018-03-14 15:51:47
BOAT,BOAT,258,0.37,0.056,0.26,0.21,2018-03-14 15:51:47
Steneum Coin,STN,4957,0.16,0.17,0.28,0.21,2018-03-14 15:51:47
OP Coin,OPC,154339,0.0,0.11,0.45,0.21,2018-03-14 15:51:47
Zero,ZER,17103,0.23,0.0,0.33,0.21,2018-03-14 15:51:47
Hyper,HYPER,28,0.4,0.32,0.3,0.21,2018-03-14 15:51:47
Adzcoin,ADZ,2679,0.16,0.11,0.32,0.21,2018-03-14 15:51:47
Zeusshield,ZSC,83997,0.0,0.069,0.29,0.21,2018-03-14 15:51:47
Paypex,PAYX,1,0.0,0.27,0.29,0.21,2018-03-14 15:51:47
Happycoin,HPC,19190,0.15,0.12,0.27,0.21,2018-03-14 15:51:47
HomeBlockCoin,HBC,14464,0.097,0.19,0.31,0.21,2018-03-14 15:51:47
Masternodecoin,MTNC,306,0.1,0.14,0.31,0.21,2018-03-14 15:51:47
Atmos,ATMS,22517,0.14,0.062,0.3,0.21,2018-03-14 15:51:47
Nekonium,NUKO,64,0.17,0.16,0.28,0.21,2018-03-14 15:51:47
Bitair,BTCA,11956,0.12,0.074,0.5,0.21,2018-03-14 15:51:47
Cagecoin,CAGE,0,0.15,0.2,0.31,0.21,2018-03-14 15:51:47
EcoCoin,ECO,489,0.14,0.18,0.31,0.21,2018-03-14 15:51:47
PureVidz,VIDZ,1254,0.16,0.15,0.29,0.21,2018-03-14 15:51:47
E-coin,ECN,106,0.15,0.045,0.32,0.21,2018-03-14 15:51:47
Interstellar Holdings,HOLD,4347,0.11,0.12,0.37,0.21,2018-03-14 15:51:47
Abjcoin,ABJ,678,0.17,0.14,0.3,0.21,2018-03-14 15:51:47
Bitdeal,BDL,11568,0.15,0.1,0.29,0.21,2018-03-14 15:51:47
AurumCoin,AU,147,0.14,0.12,0.31,0.21,2018-03-14 15:51:47
Oceanlab,OCL,19,0.15,0.12,0.29,0.21,2018-03-14 15:51:47
Titcoin,TIT,652,0.11,0.18,0.28,0.21,2018-03-14 15:51:47
vTorrent,VTR,32979,0.17,0.0,0.29,0.21,2018-03-14 15:51:47
LuckChain,BASH,4357,0.17,0.069,0.29,0.21,2018-03-14 15:51:47
Bowhead Health,AHT,1422,0.0,0.26,0.27,0.21,2018-03-14 15:51:47
300 Token,300,3305,0.0,0.057,0.43,0.21,2018-03-14 15:51:47
Torcoin,TOR,22,0.18,0.18,0.31,0.21,2018-03-14 15:51:47
Databits,DTB,35629,0.0,0.12,0.26,0.21,2018-03-14 15:51:47
Ecobit,ECOB,109,0.0,0.12,0.27,0.21,2018-03-14 15:51:47
ArbitrageCT,ARCT,23198,0.0,0.23,0.27,0.21,2018-03-14 15:51:47
Adelphoi,ADL,1,0.0,0.27,0.27,0.21,2018-03-14 15:51:47
PlayerCoin,PLACO,14,0.28,0.091,0.29,0.21,2018-03-14 15:51:47
Eternity,ENT,8911,0.2,0.057,0.35,0.21,2018-03-14 15:51:47
eBoost,EBST,38391,0.0,0.12,0.3,0.21,2018-03-14 15:51:47
Regalcoin,REC,7260,0.0,0.24,0.31,0.21,2018-03-14 15:51:47
SixEleven,611,374,0.28,0.052,0.29,0.21,2018-03-14 15:51:47
Spacecoin,SPACE,165,0.13,0.17,0.32,0.21,2018-03-14 15:51:47
Link Platform,LNK,1,0.14,0.11,0.39,0.21,2018-03-14 15:51:47
YENTEN,YTN,1486,0.35,0.0,0.19,0.21,2018-03-14 15:51:47
United Bitcoin,UBTC,573137,0.31,0.065,0.44,0.2,2018-03-14 15:51:47
Tacocoin,TCO,,0.51,0.2,0.28,0.2,2018-03-14 15:51:47
CryptoPing,PING,151783,0.0,0.081,0.29,0.2,2018-03-14 15:51:47
Canada eCoin,CDN,348,0.16,0.067,0.35,0.2,2018-03-14 15:51:47
Commodity Ad Network,CDX,174,0.13,0.066,0.44,0.2,2018-03-14 15:51:47
Rupee,RUP,9044,0.18,0.0,0.4,0.2,2018-03-14 15:51:47
Social Send,SEND,8973,0.12,0.12,0.26,0.2,2018-03-14 15:51:47
BCAP,BCAP,0,0.0,0.15,0.29,0.2,2018-03-14 15:51:47
USDe,USDE,306,0.1,0.18,0.34,0.2,2018-03-14 15:51:47
OBITS,OBITS,10875,0.0,0.12,0.47,0.2,2018-03-14 15:51:47
Quatloo,QTL,348,0.18,0.12,0.3,0.2,2018-03-14 15:51:47
Compucoin,CPN,124,0.15,0.16,0.31,0.2,2018-03-14 15:51:47
Nautiluscoin,NAUT,182253,0.34,0.23,0.27,0.2,2018-03-14 15:51:47
GlassCoin,GLS,168,0.13,0.13,0.3,0.2,2018-03-14 15:51:47
PetroDollar,XPD,2553,0.17,0.057,0.32,0.2,2018-03-14 15:51:47
Dinastycoin,DCY,2208,0.12,0.11,0.31,0.2,2018-03-14 15:51:47
Rialto,XRL,15695,0.0,0.13,0.31,0.2,2018-03-14 15:51:47
Suretly,SUR,4798,0.12,0.11,0.31,0.2,2018-03-14 15:51:47
DROXNE,DRXNE,236,0.077,0.14,0.42,0.2,2018-03-14 15:51:47
Coinlancer,CL,37667,0.0,0.15,0.3,0.2,2018-03-14 15:51:47
Litecoin Cash,LCC,223419,0.12,0.29,0.47,0.2,2018-03-14 15:51:47
Royal Kingdom Coin,RKC,2733,0.13,0.1,0.3,0.2,2018-03-14 15:51:47
Accelerator Network,ACC,1250,0.15,0.069,0.29,0.2,2018-03-14 15:51:47
Madcoin,MDC,390,0.12,0.15,0.37,0.2,2018-03-14 15:51:47
TravelFlex,TRF,11005,0.0,0.13,0.27,0.2,2018-03-14 15:51:47
Bitcedi,BXC,303,0.16,0.16,0.29,0.2,2018-03-14 15:51:47
Asiadigicoin,ADCN,147,0.12,0.17,0.31,0.2,2018-03-14 15:51:47
Triangles,TRI,28,0.17,0.03,0.43,0.2,2018-03-14 15:51:47
Kronecoin,KRONE,591,0.13,0.17,0.32,0.2,2018-03-14 15:51:47
SOILcoin,SOIL,5,0.13,0.16,0.31,0.2,2018-03-14 15:51:47
NevaCoin,NEVA,1678,0.18,0.097,0.27,0.2,2018-03-14 15:51:47
CryptoForecast,CFT,508,0.0,0.24,0.29,0.2,2018-03-14 15:51:47
GCN Coin,GCN,3965,0.0,0.14,0.38,0.2,2018-03-14 15:51:47
EagleCoin,EAGLE,275,0.13,0.14,0.38,0.2,2018-03-14 15:51:47
PoSToken,POS,55,0.2,0.078,0.31,0.19,2018-03-14 15:51:47
PayCon,CON,12685,0.16,0.11,0.27,0.19,2018-03-14 15:51:47
Darcrus,DAR,310,0.0,0.22,0.29,0.19,2018-03-14 15:51:47
Russian Miner Coin,RMC,9988,0.0,0.11,0.37,0.19,2018-03-14 15:51:47
BipCoin,BIP,798,0.0,0.21,0.47,0.19,2018-03-14 15:51:47
PlusCoin,PLC,56,0.16,0.067,0.28,0.19,2018-03-14 15:51:47
Visio,VISIO,2401,0.14,0.064,0.38,0.19,2018-03-14 15:51:47
YashCoin,YASH, 10,0.12,0.074,0.31,0.19,2018-03-14 15:51:47
Lunacoin,LUNA,138,0.18,0.11,0.3,0.19,2018-03-14 15:51:47
CORION,COR,5609,0.52,0.14,0.27,0.19,2018-03-14 15:51:47
CryptoInsight,TKR,100,0.14,0.12,0.27,0.19,2018-03-14 15:51:47
AquariusCoin,ARCO,1654,0.14,0.11,0.28,0.19,2018-03-14 15:51:47
Valorbit,VAL,157,0.16,0.14,0.31,0.19,2018-03-14 15:51:47
Autonio,NIO,2817,0.0,0.12,0.4,0.19,2018-03-14 15:51:47
Devcoin,DVC, 0,0.0,0.26,0.27,0.19,2018-03-14 15:51:47
Neuro,NRO,275,0.14,0.12,0.35,0.19,2018-03-14 15:51:47
Stox,STX,,0.36,0.3,0.28,0.19,2018-03-14 15:51:47
Purpose,PRPS,44721,0.19,0.39,0.48,0.19,2018-03-14 15:51:47
Primas,PST,16305,0.0,0.064,0.38,0.19,2018-03-14 15:51:47
Qwark,QWARK,24925,0.0,0.081,0.32,0.19,2018-03-14 15:51:47
Grimcoin,GRIM,401,0.15,0.078,0.27,0.19,2018-03-14 15:51:47
PlatinumBAR,XPTX,466,0.13,0.066,0.31,0.19,2018-03-14 15:51:47
XPlay,XPA,1,0.0,0.056,0.31,0.19,2018-03-14 15:51:47
Zennies,ZENI,3689,0.14,0.06,0.29,0.19,2018-03-14 15:51:47
Daxxcoin,DAXX,1729,0.13,0.1,0.31,0.19,2018-03-14 15:51:47
Coin2.1,C2,39,0.14,0.11,0.27,0.19,2018-03-14 15:51:47
Newbium,NEWB,17050,0.0,0.23,0.3,0.19,2018-03-14 15:51:47
Ethereum Movie Venture,EMV,24,0.0,0.12,0.42,0.19,2018-03-14 15:51:47
Polybius,PLBT,32367,0.0,0.081,0.28,0.19,2018-03-14 15:51:47
FuelCoin,FC2,396,0.14,0.064,0.32,0.19,2018-03-14 15:51:47
RED MWAT,MWAT,329280,0.13,0.29,0.31,0.19,2018-03-14 15:51:47
Netko,NETKO,868,0.12,0.1,0.3,0.19,2018-03-14 15:51:47
Rustbits,RUSTBITS,0,0.0,0.19,0.25,0.19,2018-03-14 15:51:47
Authorship,ATS,2258,0.0,0.16,0.44,0.19,2018-03-14 15:51:47
Fujinto,NTO,842,0.12,0.12,0.29,0.19,2018-03-14 15:51:47
Gold Pressed Latinum,GPL,389,0.27,0.0,0.31,0.19,2018-03-14 15:51:47
Bytecent,BYC,8389,0.0,0.15,0.27,0.19,2018-03-14 15:51:47
Ultimate Secure Cash,USC,15,0.13,0.047,0.32,0.19,2018-03-14 15:51:47
FLiK,FLIK,6702,0.0,0.12,0.36,0.19,2018-03-14 15:51:47
Desire,DSR,6179,0.14,0.065,0.3,0.19,2018-03-14 15:51:47
Tidex Token,TDX,111421,0.0,0.0,0.31,0.19,2018-03-14 15:51:47
The Cypherfunks,FUNK,241,0.35,0.24,0.39,0.19,2018-03-14 15:51:47
ICOBID,ICOB,492,0.12,0.13,0.29,0.19,2018-03-14 15:51:47
Dollar Online,DOLLAR,812,0.16,0.11,0.33,0.19,2018-03-14 15:51:47
Revolvercoin,XRE,467,0.16,0.061,0.31,0.19,2018-03-14 15:51:47
Hitcoin,HTC,76,0.12,0.058,0.32,0.19,2018-03-14 15:51:47
Minereum,MNE,8347,0.18,0.033,0.29,0.19,2018-03-14 15:51:47
EquiTrader,EQT,1133,0.093,0.075,0.29,0.19,2018-03-14 15:51:47
YOYOW,YOYOW,747,0.0,0.078,0.32,0.19,2018-03-14 15:51:47
Superior Coin,SUP,1026,0.55,0.075,0.27,0.18,2018-03-14 15:51:47
Bodhi,BOT,115995,0.0,0.0,0.28,0.18,2018-03-14 15:51:47
GoldPieces,GP,437,0.15,0.078,0.34,0.18,2018-03-14 15:51:47
Target Coin,TGT,2,0.0,0.048,0.43,0.18,2018-03-14 15:51:47
Giga Watt Token,WTT,26724,0.0,0.13,0.29,0.18,2018-03-14 15:51:47
LiteBitcoin,LBTC,7498,0.18,0.046,0.31,0.18,2018-03-14 15:51:47
Senderon,SDRN,3888,0.0,0.23,0.29,0.18,2018-03-14 15:51:47
SolarFlareCoin,SFC,230,0.26,0.0,0.31,0.18,2018-03-14 15:51:47
EtherDelta Token,EDT,11324,0.17,0.35,0.28,0.18,2018-03-14 15:51:47
WomenCoin,WOMEN,30560,0.12,0.095,0.28,0.18,2018-03-14 15:51:47
I0Coin,I0C,103,0.078,0.11,0.27,0.18,2018-03-14 15:51:47
Useless Ethereum Token,UET,195,0.21,0.061,0.28,0.18,2018-03-14 15:51:47
TOKYO,TOKC,574,0.14,0.063,0.31,0.18,2018-03-14 15:51:47
Shilling,SH,5536,0.16,0.067,0.34,0.18,2018-03-14 15:51:47
ParallelCoin,DUO,757,0.14,0.086,0.28,0.18,2018-03-14 15:51:47
Halcyon,HAL,117,0.14,0.05,0.31,0.18,2018-03-14 15:51:47
Cryptojacks,CJ,4216,0.078,0.11,0.29,0.18,2018-03-14 15:51:47
AmberCoin,AMBER,119,0.14,0.051,0.31,0.18,2018-03-14 15:51:47
Joincoin,J,19,0.18,0.05,0.33,0.18,2018-03-14 15:51:47
Legends Room,LGD,6065,0.0,0.13,0.27,0.18,2018-03-14 15:51:47
HealthyWormCoin,WORM,53,0.12,0.14,0.31,0.18,2018-03-14 15:51:47
Comet,CMT,401,0.15,0.058,0.38,0.18,2018-03-14 15:51:47
Secretcoin,SCRT,0,0.13,0.099,0.29,0.18,2018-03-14 15:51:47
Spots,SPT,850,0.15,0.043,0.41,0.18,2018-03-14 15:51:47
Zephyr,ZEPH,5255,0.0,0.12,0.33,0.18,2018-03-14 15:51:47
bitGold,BITGOLD,259,0.0,0.2,0.31,0.18,2018-03-14 15:51:47
Pesobit,PSB,0,0.17,0.12,0.28,0.18,2018-03-14 15:51:47
Sharechain,SSS,19626,0.13,0.0,0.29,0.18,2018-03-14 15:51:47
Beatcoin,XBTS,320,0.12,0.063,0.47,0.18,2018-03-14 15:51:47
Shorty,SHORTY,0,0.12,0.0,0.37,0.18,2018-03-14 15:51:47
Pioneer Coin,PCOIN,2405,0.12,0.078,0.29,0.18,2018-03-14 15:51:47
SoonCoin,SOON,3409,0.16,0.054,0.31,0.18,2018-03-14 15:51:47
PX,PX,4,0.15,0.0,0.39,0.18,2018-03-14 15:51:47
BROTHER,BRAT,1017,0.0,0.16,0.41,0.18,2018-03-14 15:51:47
Aerium,AERM,4667,0.1,0.08,0.29,0.18,2018-03-14 15:51:47
Theresa May Coin,MAY,251,0.12,0.068,0.38,0.18,2018-03-14 15:51:47
Cashcoin,CASH,105,0.16,0.059,0.29,0.18,2018-03-14 15:51:47
Eryllium,ERY,638,0.13,0.11,0.27,0.18,2018-03-14 15:51:47
Tattoocoin (Standard Edition),TSE,1171,0.14,0.058,0.29,0.18,2018-03-14 15:51:47
OceanChain,OC,14998263,0.0,0.16,0.28,0.18,2018-03-14 15:51:47
Kushcoin,KUSH,1495,0.13,0.048,0.31,0.18,2018-03-14 15:51:47
BitAsean,BAS,253,0.13,0.1,0.27,0.18,2018-03-14 15:51:47
Sativacoin,STV,547,0.14,0.054,0.31,0.18,2018-03-14 15:51:47
Project Decorum,PDC,35301,0.0,0.0,0.32,0.18,2018-03-14 15:51:47
Emphy,EPY,184,0.0,0.12,0.45,0.18,2018-03-14 15:51:47
Ammo Reloaded,AMMO,388,0.12,0.065,0.27,0.18,2018-03-14 15:51:47
Swing,SWING,2841,0.14,0.0,0.44,0.18,2018-03-14 15:51:47
Zayedcoin,ZYD,10,0.12,0.12,0.31,0.18,2018-03-14 15:51:47
APX,APX,152053,0.0,0.076,0.35,0.18,2018-03-14 15:51:47
BigUp,BIGUP,187,0.15,0.049,0.27,0.18,2018-03-14 15:51:47
ugChain,UGC,37753,0.12,0.3,0.27,0.18,2018-03-14 15:51:47
Xenon,XNN,262,0.0,0.069,0.37,0.18,2018-03-14 15:51:47
BitBoost,BBT,484,0.0,0.13,0.29,0.18,2018-03-14 15:51:47
ZoZoCoin,ZZC,3607,0.15,0.035,0.31,0.18,2018-03-14 15:51:47
ChessCoin,CHESS,1110,0.073,0.11,0.29,0.18,2018-03-14 15:51:47
Heavycoin,HVC,,0.37,0.23,0.27,0.18,2018-03-14 15:51:47
AllSafe,ASAFE2,667,0.12,0.062,0.34,0.18,2018-03-14 15:51:47
SuperCoin,SUPER,130,0.0,0.16,0.33,0.17,2018-03-14 15:51:47
SegWit2x [Futures],B2X,17080,0.43,0.075,0.35,0.17,2018-03-14 15:51:47
ICO OpenLedger,ICOO,3749,0.0,0.12,0.31,0.17,2018-03-14 15:51:47
Impact,IMX,134,0.13,0.051,0.32,0.17,2018-03-14 15:51:47
Copico,XCPO,815,0.091,0.065,0.27,0.17,2018-03-14 15:51:47
Prototanium,PR,4016,0.16,0.0,0.27,0.17,2018-03-14 15:51:47
Independent Money System,IMS,18,0.13,0.064,0.3,0.17,2018-03-14 15:51:47
Zonecoin,ZNE,0,0.13,0.11,0.31,0.17,2018-03-14 15:51:47
Sociall,SCL,4009,0.0,0.08,0.32,0.17,2018-03-14 15:51:47
StarCash Network,STARS,156,0.13,0.088,0.31,0.17,2018-03-14 15:51:47
Dollarcoin,DLC,77,0.12,0.083,0.36,0.17,2018-03-14 15:51:47
Crypto,CTO,83,0.11,0.052,0.37,0.17,2018-03-14 15:51:47
Bitcoin Diamond [Futures],BCD,2014433,0.0,0.14,0.41,0.17,2018-03-14 15:51:47
Allion,ALL,75,0.13,0.067,0.29,0.17,2018-03-14 15:51:47
CryptoCarbon,CCRB,2153,0.12,0.0,0.3,0.17,2018-03-14 15:51:47
PIECoin,PIE,50,0.12,0.11,0.31,0.17,2018-03-14 15:51:47
Dix Asset,DIX,1143,0.0,0.17,0.27,0.17,2018-03-14 15:51:47
ATMCoin,ATMC,98864400,0.0,0.0,0.3,0.17,2018-03-14 15:51:47
RedCoin,RED,633,0.18,0.0,0.27,0.17,2018-03-14 15:51:47
LeaCoin,LEA,8723,0.13,0.044,0.28,0.17,2018-03-14 15:51:47
Janus,JNS,0,0.0,0.12,0.33,0.17,2018-03-14 15:51:47
Cabbage Unit,CAB,842,0.13,0.063,0.33,0.17,2018-03-14 15:51:47
808Coin,808,2013,0.16,0.0,0.32,0.17,2018-03-14 15:51:47
StarCredits,STRC,655,0.0,0.11,0.29,0.17,2018-03-14 15:51:47
Steps,STEPS,0,0.13,0.066,0.36,0.17,2018-03-14 15:51:47
Unity Ingot,UNY,87,0.0,0.096,0.29,0.17,2018-03-14 15:51:47
TheGCCcoin,GCC,15617,0.0,0.12,0.28,0.17,2018-03-14 15:51:47
FUNCoin,FUNC,207,0.12,0.033,0.33,0.17,2018-03-14 15:51:47
ERC20,ERC20,1131,0.12,0.0,0.39,0.17,2018-03-14 15:51:47
UniCoin,UNIC,40,0.14,0.0,0.27,0.17,2018-03-14 15:51:47
PiplCoin,PIPL,8015,0.0,0.079,0.33,0.17,2018-03-14 15:51:47
Goodomy,GOOD,13,0.0,0.088,0.29,0.17,2018-03-14 15:51:47
GameBet,GBT,0,0.12,0.064,0.31,0.17,2018-03-14 15:51:47
AICHAIN,AIT,9021,0.0,0.06,0.069,0.17,2018-03-14 15:51:47
bitqy,BQ,1334,0.0,0.059,0.28,0.17,2018-03-14 15:51:47
Bitgem,BTG,816,0.14,0.0,0.29,0.17,2018-03-14 15:51:47
GBCGoldCoin,GBC,1133,0.12,0.11,0.28,0.17,2018-03-14 15:51:47
BenjiRolls,BENJI,20,0.14,0.052,0.29,0.17,2018-03-14 15:51:47
Dobbscoin,BOB,,0.4,0.15,0.31,0.17,2018-03-14 15:51:47
Flaxscript,FLAX,142,0.11,0.071,0.29,0.17,2018-03-14 15:51:47
Bitland,CADASTRAL,0,0.0,0.1,0.28,0.17,2018-03-14 15:51:47
eBitcoin Cash,EBCH,1243,0.0,0.073,0.44,0.17,2018-03-14 15:51:47
POLY AI,AI,161514,0.0,0.053,0.31,0.17,2018-03-14 15:51:47
X-Coin,XCO,6312,0.12,0.05,0.32,0.17,2018-03-14 15:51:47
Phantomx,PNX,1340,0.093,0.059,0.29,0.17,2018-03-14 15:51:47
Marijuanacoin,MAR,193,0.12,0.076,0.27,0.17,2018-03-14 15:51:47
Emerald Crypto,EMD,403,0.1,0.073,0.27,0.17,2018-03-14 15:51:47
MustangCoin,MST,166,0.12,0.062,0.27,0.17,2018-03-14 15:51:47
Credence Coin,CRDNC,2,0.12,0.078,0.36,0.17,2018-03-14 15:51:47
Elcoin,EL,4850,0.0,0.11,0.29,0.17,2018-03-14 15:51:47
Metal Music Coin,MTLMC3,1,0.13,0.055,0.27,0.17,2018-03-14 15:51:47
Execoin,EXE,,0.31,0.25,0.25,0.17,2018-03-14 15:51:47
Printerium,PRX,242,0.13,0.053,0.31,0.17,2018-03-14 15:51:47
Starta,STA,4324,0.0,0.055,0.29,0.17,2018-03-14 15:51:47
EXRNchain,EXRN,4540,0.0,0.07,0.27,0.16,2018-03-14 15:51:47
Decentralized Universal Basic Income,DUBI,0,0.19,0.34,0.31,0.16,2018-03-14 15:51:47
MagicCoin,MAGE,2995,0.0,0.071,0.35,0.16,2018-03-14 15:51:47
Zurcoin,ZUR,2,0.14,0.0,0.31,0.16,2018-03-14 15:51:47
GeertCoin,GEERT,1274,0.15,0.048,0.31,0.16,2018-03-14 15:51:47
Darsek,KED,217,0.16,0.0,0.27,0.16,2018-03-14 15:51:47
RSGPcoin,RSGP,70,0.12,0.077,0.31,0.16,2018-03-14 15:51:47
OracleChain,OCT,613,0.0,0.0,0.3,0.16,2018-03-14 15:51:47
Kurrent,KURT,1779,0.068,0.057,0.29,0.16,2018-03-14 15:51:47
EtherSportz,ESZ,10665,0.0,0.065,0.3,0.16,2018-03-14 15:51:47
Slevin,SLEVIN,4,0.12,0.053,0.32,0.16,2018-03-14 15:51:47
Iconic,ICON,580,0.14,0.0,0.41,0.16,2018-03-14 15:51:47
CybCSec,XCS,15635,0.12,0.062,0.28,0.16,2018-03-14 15:51:47
AnarchistsPrime,ACP,167,0.14,0.062,0.29,0.16,2018-03-14 15:51:47
Credo,CREDO,25,0.0,0.0,0.34,0.16,2018-03-14 15:51:47
Stress,STS,0,0.12,0.0,0.29,0.16,2018-03-14 15:51:47
RefToken,REF,37700,0.13,0.27,0.28,0.16,2018-03-14 15:51:47
Mao Zedong,MAO,520,0.12,0.0,0.3,0.16,2018-03-14 15:51:47
Arcade Token,ARC,148,0.31,0.18,0.39,0.16,2018-03-14 15:51:47
VapersCoin,VPRC,536,0.14,0.047,0.27,0.16,2018-03-14 15:51:47
WMCoin,WMC,0,0.13,0.0,0.3,0.16,2018-03-14 15:51:47
Sojourn,SOJ,0,0.12,0.056,0.3,0.16,2018-03-14 15:51:47
WayGuide,WAY,4,0.12,0.0,0.29,0.16,2018-03-14 15:51:47
Judgecoin,JUDGE,,0.28,0.23,0.34,0.16,2018-03-14 15:51:47
Bitcurrency,BTCR,128,0.13,0.059,0.3,0.16,2018-03-14 15:51:47
PosEx,PEX,27,0.14,0.043,0.29,0.16,2018-03-14 15:51:47
Greencoin,GRE ,,0.43,0.094,0.28,0.16,2018-03-14 15:51:47
Macron,MCRN,2289,0.068,0.0,0.4,0.16,2018-03-14 15:51:47
SelfSell,SSC,1042227,0.16,0.077,0.29,0.16,2018-03-14 15:51:47
Ethereum Gold,ETG,795,0.0,0.077,0.36,0.16,2018-03-14 15:51:47
AWARE,AWR,450434,0.12,0.068,0.39,0.16,2018-03-14 15:51:47
Coupecoin,COUPE,1110,0.12,0.098,0.31,0.16,2018-03-14 15:51:47
Network Token,NTWK,208,0.0,0.08,0.47,0.16,2018-03-14 15:51:47
Cthulhu Offerings,OFF,770,0.17,0.0,0.31,0.16,2018-03-14 15:51:47
FORCE,FOR,3486,0.089,0.05,0.048,0.16,2018-03-14 15:51:47
Datawallet,DXT,5350430,0.0,0.21,0.31,0.16,2018-03-14 15:51:47
Kolion,KLN,15918,0.0,0.0,0.27,0.16,2018-03-14 15:51:47
EmberCoin,EMB,52,0.14,0.36,0.31,0.16,2018-03-14 15:51:47
Health Mutual Society,HMC,426614,0.13,0.096,0.4,0.16,2018-03-14 15:51:47
GeyserCoin,GSR,54,0.16,0.057,0.31,0.16,2018-03-14 15:51:47
FinCoin,FNC,729,0.12,0.0,0.31,0.16,2018-03-14 15:51:47
ETHGAS,EGAS,0,0.0,0.13,0.28,0.16,2018-03-14 15:51:47
EDUCare,EKT,19770600,0.0,0.043,0.29,0.16,2018-03-14 15:51:47
LitecoinDark,LTCD,,0.27,0.25,0.26,0.16,2018-03-14 15:51:47
Dalecoin,DALC,401,0.0,0.12,0.31,0.16,2018-03-14 15:51:47
Jobscoin,JOBS,166,0.12,0.056,0.27,0.16,2018-03-14 15:51:47
Honey,HONEY,385,0.0,0.06,0.42,0.16,2018-03-14 15:51:47
Master Swiscoin,MSCN,1003,0.14,0.0,0.31,0.16,2018-03-14 15:51:47
Bankcoin,B@,1063,0.0,0.11,0.29,0.16,2018-03-14 15:51:47
Veltor,VLT,11,0.12,0.0,0.3,0.15,2018-03-14 15:51:47
Monster Byte,MBI,0,0.0,0.068,0.3,0.15,2018-03-14 15:51:47
Techcoin,TECH,,0.45,0.048,0.3,0.15,2018-03-14 15:51:47
Filecoin [Futures],FIL,50302,0.0,0.37,0.32,0.15,2018-03-14 15:51:47
Republic Protocol,REN,194254,0.0,0.22,0.46,0.15,2018-03-14 15:51:47
OFCOIN,OF,219934,0.17,0.05,0.28,0.15,2018-03-14 15:51:47
Vault Coin,VLTC,447,0.0,0.17,0.42,0.15,2018-03-14 15:51:47
GraniteCoin,GRN,279,0.37,0.11,0.3,0.15,2018-03-14 15:51:47
BlockShares,BKS,,0.44,0.049,0.3,0.15,2018-03-14 15:51:47
Version,V,13,0.0,0.062,0.22,0.15,2018-03-14 15:51:47
Etheriya,RIYA,397,0.0,0.056,0.27,0.15,2018-03-14 15:51:47
Bitparkcoin,BPC,16,0.0,0.061,0.27,0.15,2018-03-14 15:51:47
Kayicoin,KAYI,1102,0.0,0.093,0.28,0.15,2018-03-14 15:51:47
Interzone,ITZ,3,0.37,0.13,0.27,0.15,2018-03-14 15:51:47
Sugar Exchange,SGR,13445,0.0,0.083,0.25,0.15,2018-03-14 15:51:47
Scry.info,DDD,79044,0.18,0.081,0.27,0.15,2018-03-14 15:51:47
VectorAI,VEC2,262,0.12,0.0,0.34,0.15,2018-03-14 15:51:47
Tigereum,TIG,6544,0.0,0.067,0.28,0.15,2018-03-14 15:51:47
LightChain,LIGHT,291698,0.14,0.08,0.27,0.15,2018-03-14 15:51:47
Cannation,CNNC,16720,0.12,0.0,0.27,0.15,2018-03-14 15:51:47
Ace,ACE,,0.17,0.27,0.4,0.15,2018-03-14 15:51:47
ExchangeN,EXN,93,0.0,0.079,0.45,0.15,2018-03-14 15:51:47
Crevacoin,CREVA,171,0.14,0.03,0.31,0.15,2018-03-14 15:51:47
AltCommunity Coin,ALTCOM,449,0.13,0.0,0.29,0.15,2018-03-14 15:51:47
OsmiumCoin,OS76,0,0.13,0.19,0.31,0.15,2018-03-14 15:51:47
HiCoin,XHI,29711,0.0,0.0,0.31,0.15,2018-03-14 15:51:47
8Bit,8BIT,583,0.0,0.083,0.26,0.15,2018-03-14 15:51:47
BTSR,BTSR,0,0.0,0.067,0.31,0.15,2018-03-14 15:51:47
Trident Group,TRDT,10030,0.0,0.075,0.36,0.15,2018-03-14 15:51:47
Cinni,CINNI,,0.29,0.18,0.31,0.15,2018-03-14 15:51:47
Electronic PK Chain,EPC,9221700,0.0,0.0,0.41,0.15,2018-03-14 15:51:47
Blockchain Index,BLX,36,0.0,0.46,0.32,0.15,2018-03-14 15:51:47
Coimatic 3.0,CTIC3,62,0.12,0.055,0.27,0.15,2018-03-14 15:51:47
United Traders Token,UTT,731,0.28,0.14,0.41,0.15,2018-03-14 15:51:47
Universe,UNI,52,0.0,0.0,0.33,0.15,2018-03-14 15:51:47
GOLD Reward Token,GRX,3329,0.14,0.26,0.43,0.15,2018-03-14 15:51:47
CoExistCoin,COXST,163,0.0,0.1,0.28,0.15,2018-03-14 15:51:47
Ulatech,ULA,5720,0.14,0.028,0.29,0.15,2018-03-14 15:51:47
Bee Token,BEE,1582,0.0,0.43,0.35,0.15,2018-03-14 15:51:47
CryptoEscudo,CESC,66,0.0,0.11,0.28,0.14,2018-03-14 15:51:47
Coinonat,CXT,654,0.0,0.11,0.27,0.14,2018-03-14 15:51:47
Smileycoin,SMLY,1121,0.0,0.0,0.31,0.14,2018-03-14 15:51:47
Wild Beast Block,WBB,4,0.0,0.061,0.45,0.14,2018-03-14 15:51:47
Lightning Bitcoin,LBTC,3409420,0.0,0.076,0.33,0.14,2018-03-14 15:51:47
Acute Angle Cloud,AAC,196869,0.0,0.16,0.35,0.14,2018-03-14 15:51:47
Destiny,DES,3,0.0,0.052,0.47,0.14,2018-03-14 15:51:47
Horizon,HZ,,0.34,0.076,0.39,0.14,2018-03-14 15:51:47
Xonecoin,XOC,0,0.12,0.057,0.27,0.14,2018-03-14 15:51:47
LibertyCoin,XLB,,0.26,0.16,0.37,0.14,2018-03-14 15:51:47
Ripto Bux,RBX,0,0.0,0.12,0.27,0.14,2018-03-14 15:51:47
HellasCoin,HLC,1498550,0.12,0.0,0.31,0.14,2018-03-14 15:51:47
Yellow Token,YEL,0,0.0,0.067,0.35,0.14,2018-03-14 15:51:47
Global Tour Coin,GTC,3195,0.0,0.027,0.36,0.14,2018-03-14 15:51:47
Shadow Token,SHDW,120,0.0,0.052,0.29,0.14,2018-03-14 15:51:47
NEVERDIE,NDC,341,0.0,0.047,0.27,0.14,2018-03-14 15:51:47
Peepcoin,PCN,6839,0.0,0.048,0.31,0.14,2018-03-14 15:51:47
Infinitecoin,IFC,0,0.13,0.31,0.3,0.14,2018-03-14 15:51:47
Kzcash,KZC,105637,0.15,0.11,0.28,0.14,2018-03-14 15:51:47
Sovereign Hero,HERO,154,0.0,0.0,0.32,0.14,2018-03-14 15:51:47
Royalties,XRY, 312,0.31,0.075,0.41,0.14,2018-03-14 15:51:47
Bitz,BITZ,1,0.0,0.0,0.35,0.14,2018-03-14 15:51:47
PeerGuess,GUESS,78,0.0,0.067,0.27,0.14,2018-03-14 15:51:47
DIMCOIN,DIM,11525,0.13,0.28,0.29,0.14,2018-03-14 15:51:47
Mixin,XIN,54448,0.16,0.13,0.31,0.14,2018-03-14 15:51:47
Molecular Future,MOF,616896,0.0,0.068,0.3,0.14,2018-03-14 15:51:47
ZCash Gold,ZCG,1431,0.0,0.059,0.29,0.14,2018-03-14 15:51:47
Neurotoken,NTK,81835,0.0,0.28,0.35,0.14,2018-03-14 15:51:47
Vulcano,VULC,536,0.15,0.26,0.33,0.14,2018-03-14 15:51:47
Casinocoin,CSC,3387,0.17,0.26,0.27,0.14,2018-03-14 15:51:47
ARCHcoin,ARCH,,0.35,0.067,0.31,0.14,2018-03-14 15:51:47
WexCoin,WEX,0,0.13,0.0,0.3,0.14,2018-03-14 15:51:47
Bit20,BTWTY,91,0.0,0.0,0.29,0.14,2018-03-14 15:51:47
Corethum,CRTM,1,0.0,0.1,0.28,0.13,2018-03-14 15:51:47
Animecoin,ANI,15035,0.15,0.21,0.31,0.13,2018-03-14 15:51:47
SuperNET,UNITY,,0.4,0.0,0.32,0.13,2018-03-14 15:51:47
bitSilver,BITSILVER,1,0.0,0.0,0.29,0.13,2018-03-14 15:51:47
eREAL,EREAL,3,0.0,0.066,0.39,0.13,2018-03-14 15:51:47
Bitcoin Red,BTCRED,3347,0.0,0.0,0.29,0.13,2018-03-14 15:51:47
FuturXe,FXE,575,0.0,0.05,0.44,0.13,2018-03-14 15:51:47
Argus,ARGUS,36,0.0,0.056,0.39,0.13,2018-03-14 15:51:47
Digital Money Bits,DMB,4458,0.13,0.03,0.33,0.13,2018-03-14 15:51:47
Monocle,MON,,0.26,0.12,0.35,0.13,2018-03-14 15:51:47
Kcash,KCASH,174938,0.0,0.1,0.43,0.13,2018-03-14 15:51:47
bitBTC,BITBTC,1470,0.0,0.0,0.27,0.13,2018-03-14 15:51:47
Razor,RZR,,0.27,0.09,0.39,0.13,2018-03-14 15:51:47
BlockPay,BLOCKPAY,8,0.0,0.0,0.27,0.13,2018-03-14 15:51:47
Digital Rupees,DRS,22,0.0,0.028,0.32,0.13,2018-03-14 15:51:47
Sparks,SPK,78869,0.12,0.057,0.35,0.13,2018-03-14 15:51:47
MaryJane,MARYJ,,0.28,0.13,0.25,0.13,2018-03-14 15:51:47
Yee,YEE,1568853,0.0,0.093,0.31,0.13,2018-03-14 15:51:47
Confido,CFD,230,0.0,0.0,0.27,0.13,2018-03-14 15:51:47
Animation Vision Cash,AVH,396398,0.0,0.049,0.37,0.13,2018-03-14 15:51:47
FuzzBalls,FUZZ,87,0.0,0.034,0.28,0.13,2018-03-14 15:51:47
MktCoin,MLM,313940,0.15,0.0,0.31,0.13,2018-03-14 15:51:47
HalalChain,HLC,1498550,0.0,0.065,0.28,0.12,2018-03-14 15:51:47
Bitleu,BTL,,0.34,0.061,0.26,0.12,2018-03-14 15:51:47
BitCoal,COAL,5059,0.0,0.0,0.29,0.12,2018-03-14 15:51:47
Rasputin Online Coin,ROC,4,0.15,0.055,0.33,0.12,2018-03-14 15:51:47
Artex Coin,ATX,885,0.0,0.0,0.33,0.12,2018-03-14 15:51:47
MOAC,MOAC,382350,0.14,0.022,0.29,0.12,2018-03-14 15:51:47
Infinity Economics,XIN,223581,0.0,0.16,0.35,0.12,2018-03-14 15:51:47
AI Doctor,AIDOC,3815637,0.0,0.0,0.27,0.12,2018-03-14 15:51:47
Wankcoin,WKC,,0.23,0.16,0.26,0.12,2018-03-14 15:51:47
Titanium Blockchain,BAR,77596,0.057,0.16,0.32,0.12,2018-03-14 15:51:47
Cannabis Industry Coin,XCI,,0.28,0.06,0.39,0.12,2018-03-14 15:51:47
Rawcoin,XRC,334,0.0,0.047,0.31,0.12,2018-03-14 15:51:47
BlockCDN,BCDN,51086,0.13,0.13,0.27,0.12,2018-03-14 15:51:47
Tychocoin,TYCHO,1010,0.0,0.046,0.31,0.12,2018-03-14 15:51:47
DAS,DAS,1398,0.12,0.23,0.32,0.12,2018-03-14 15:51:47
SonicScrewdriver,SSD,,0.3,0.053,0.32,0.12,2018-03-14 15:51:47
Dogeparty,XDP,,0.3,0.062,0.3,0.12,2018-03-14 15:51:47
DavorCoin,DAV,2133,0.16,0.17,0.35,0.12,2018-03-14 15:51:47
Fortuna,FOTA,270488,0.0,0.12,0.32,0.12,2018-03-14 15:51:47
InvestDigital,IDT,275360,0.14,0.0,0.31,0.12,2018-03-14 15:51:47
Veros,VRS,792,0.0,0.0,0.39,0.12,2018-03-14 15:51:47
Bitcoin Lightning,BLT,95214,0.27,0.06,0.36,0.12,2018-03-14 15:51:47
BitcoinX [Futures],BCX,576607,0.0,0.075,0.47,0.12,2018-03-14 15:51:47
Quantum,QAU,,0.0,0.32,0.39,0.12,2018-03-14 15:51:47
Ybcoin,YBC,,0.36,0.0,0.28,0.12,2018-03-14 15:51:47
Flappycoin,FLAP,143,0.15,0.19,0.29,0.12,2018-03-14 15:51:47
Show,SHOW,281474,0.0,0.058,0.37,0.12,2018-03-14 15:51:47
Xiaomicoin,MI,,0.28,0.057,0.31,0.12,2018-03-14 15:51:47
ZetaMicron,ZMC,2758,0.0,0.0,0.29,0.12,2018-03-14 15:51:47
FairGame,FAIR,503436,0.0,0.078,0.31,0.11,2018-03-14 15:51:47
LevoPlus,LVPS,106,0.0,0.062,0.29,0.11,2018-03-14 15:51:47
PRCoin,PRC,21229,0.0,0.0,0.31,0.11,2018-03-14 15:51:47
W3Coin,W3C,550284,0.0,0.054,0.29,0.11,2018-03-14 15:51:47
NeuroDAO,NDAO,1,0.0,0.031,0.29,0.11,2018-03-14 15:51:47
Dibcoin,DIBC,4452,0.13,0.0,0.28,0.11,2018-03-14 15:51:47
Coimatic 2.0,CTIC2,323,0.12,0.0,0.096,0.11,2018-03-14 15:51:47
TopChain,TOPC,2592233,0.0,0.0,0.28,0.11,2018-03-14 15:51:47
ChatCoin,CHAT,2266827,0.0,0.0,0.28,0.11,2018-03-14 15:51:47
Sync,SYNC,0,0.15,0.18,0.28,0.11,2018-03-14 15:51:47
RealChain,RCT,347421,0.0,0.083,0.28,0.11,2018-03-14 15:51:47
Landcoin,LDCN,312,0.32,0.0,0.31,0.11,2018-03-14 15:51:47
Crypto Improvement Fund,CIF,484,0.12,0.16,0.37,0.11,2018-03-14 15:51:47
COMSA,CMS,404,0.0,0.29,0.33,0.11,2018-03-14 15:51:47
PlexCoin ,PLX,415,0.0,0.3,0.31,0.11,2018-03-14 15:51:47
UnlimitedIP,UIP,6576,0.12,0.035,0.36,0.11,2018-03-14 15:51:47
Sphre AIR,XID,83775,0.0,0.18,0.27,0.11,2018-03-14 15:51:47
Marinecoin,MTC,,0.12,0.2,0.26,0.11,2018-03-14 15:51:47
Tristar Coin,TSTR,143,0.0,0.03,0.37,0.11,2018-03-14 15:51:47
CFun,CFUN,105522,0.0,0.12,0.29,0.11,2018-03-14 15:51:47
Numus,NMS,76614,0.11,0.052,0.32,0.11,2018-03-14 15:51:47
Sakuracoin,SKR,236,0.23,0.04,0.35,0.11,2018-03-14 15:51:47
Sandcoin,SND,86,0.14,0.15,0.3,0.1,2018-03-14 15:51:47
Dirac,XDQ,,0.31,0.0,0.28,0.1,2018-03-14 15:51:47
Librexcoin,LXC,,0.3,0.0,0.3,0.1,2018-03-14 15:51:47
BigONE Token,BIG,78924,0.0,0.12,0.28,0.1,2018-03-14 15:51:47
WaykiChain,WIC,,0.14,0.14,0.32,0.1,2018-03-14 15:51:47
Fitcoin,FIT,,0.12,0.17,0.31,0.1,2018-03-14 15:51:47
Bitcoin Atom [Futures],BCA,11679,0.14,0.12,0.36,0.1,2018-03-14 15:51:47
Musiconomi,MCI,122,0.0,0.3,0.27,0.1,2018-03-14 15:51:47
Monero Gold,XMRG,184485,0.0,0.081,0.35,0.1,2018-03-14 15:51:47
SISA,SISA,140,0.14,0.12,0.32,0.1,2018-03-14 15:51:47
Qibuck,QBK,,0.13,0.15,0.3,0.1,2018-03-14 15:51:47
Macro,MCR,1583,0.12,0.11,0.41,0.1,2018-03-14 15:51:47
Caliphcoin,CALC,176,0.0,0.0,0.31,0.1,2018-03-14 15:51:47
BitSerial,BTE,225,0.13,0.14,0.3,0.099,2018-03-14 15:51:47
VPNCoin,VPN,,0.21,0.062,0.31,0.099,2018-03-14 15:51:47
CCMiner,CCM100,14,0.0,0.0,0.3,0.099,2018-03-14 15:51:47
Ucoin,U,,0.13,0.12,0.34,0.097,2018-03-14 15:51:47
ClearPoll,POLL,,0.0,0.28,0.27,0.097,2018-03-14 15:51:47
ZenGold,ZENGOLD,2679,0.0,0.19,0.29,0.097,2018-03-14 15:51:47
Node,NODE,,0.12,0.14,0.31,0.097,2018-03-14 15:51:47
HarmonyCoin,HMC,7372,0.0,0.0,0.32,0.096,2018-03-14 15:51:47
NamoCoin,NAMO,129,0.14,0.087,0.38,0.096,2018-03-14 15:51:47
EDRCoin,EDRC,368,0.16,0.092,0.32,0.096,2018-03-14 15:51:47
Vootcoin,VOOT,,0.13,0.13,0.3,0.096,2018-03-14 15:51:47
Luckycoin,LKY,,0.13,0.14,0.29,0.095,2018-03-14 15:51:47
EncryptoTel [ETH],ETT, 359,0.0,0.27,0.27,0.095,2018-03-14 15:51:47
Mineralscoin,MIN,,0.12,0.15,0.28,0.095,2018-03-14 15:51:47
Guarany,GUA,,0.14,0.12,0.31,0.095,2018-03-14 15:51:47
IPChain,IPC,34437,0.12,0.0,0.27,0.094,2018-03-14 15:51:47
Content and AD Network,CAN,185919,0.0,0.0,0.37,0.094,2018-03-14 15:51:47
WETH,WETH,185382,0.0,0.0,0.43,0.093,2018-03-14 15:51:47
EA Coin,EAG,55464,0.12,0.0,0.3,0.093,2018-03-14 15:51:47
Cash Poker Pro,CASH,162,0.15,0.11,0.28,0.093,2018-03-14 15:51:47
Moneta,MONETA,29,0.14,0.046,0.44,0.092,2018-03-14 15:51:47
ACChain,ACC,9522,0.17,0.067,0.3,0.092,2018-03-14 15:51:47
BitcoinUltra,BTCU,,0.12,0.12,0.31,0.092,2018-03-14 15:51:47
PressOne,PRS,222833,0.0,0.0,0.28,0.091,2018-03-14 15:51:47
Gladius Token,GLA,1134960,0.0,0.0,0.29,0.091,2018-03-14 15:51:47
Gems,GEMZ,,0.0,0.21,0.39,0.091,2018-03-14 15:51:47
iEthereum,IETH,,0.12,0.069,0.43,0.091,2018-03-14 15:51:47
Compcoin,CMP,139,0.0,0.24,0.28,0.09,2018-03-14 15:51:47
MantraCoin,MNC,4,0.12,0.0,0.29,0.09,2018-03-14 15:51:47
StrikeBitClub,SBC,,0.13,0.11,0.29,0.09,2018-03-14 15:51:47
Read,READ,55128,0.0,0.034,0.47,0.09,2018-03-14 15:51:47
GlowShares,GSX,,0.13,0.11,0.3,0.09,2018-03-14 15:51:47
ATC Coin,ATCC,27,0.14,0.057,0.39,0.09,2018-03-14 15:51:47
APEXcoin,APEX,,0.14,0.1,0.31,0.089,2018-03-14 15:51:47
Cerium,XCE,,0.12,0.051,0.46,0.089,2018-03-14 15:51:47
Runners,RUNNERS,39,0.12,0.048,0.45,0.089,2018-03-14 15:51:47
India Coin,INDIA,27,0.089,0.1,0.38,0.089,2018-03-14 15:51:47
CryptopiaFeeShares,CEFS,1907,0.0,0.19,0.4,0.088,2018-03-14 15:51:47
Magnetcoin,MAGN,470,0.13,0.051,0.33,0.088,2018-03-14 15:51:47
ValueChain,VLC,354602,0.0,0.0,0.31,0.088,2018-03-14 15:51:47
Protean,PRN,39,0.14,0.068,0.34,0.088,2018-03-14 15:51:47
eBIT,EBIT,2,0.12,0.094,0.32,0.088,2018-03-14 15:51:47
Elektron,EKN,,0.13,0.056,0.42,0.088,2018-03-14 15:51:47
eGold,EGOLD,0,0.17,0.056,0.29,0.087,2018-03-14 15:51:47
Harvest Masternode Coin,HC,14909,0.18,0.06,0.27,0.087,2018-03-14 15:51:47
MangoCoinz,MCZ,,0.13,0.091,0.3,0.086,2018-03-14 15:51:47
Aiden,ADN,,0.058,0.15,0.34,0.086,2018-03-14 15:51:47
Full Integrity Coin,FIC,,0.12,0.049,0.43,0.086,2018-03-14 15:51:47
ShareX,SEXC,432443,0.0,0.0,0.27,0.085,2018-03-14 15:51:47
Natcoin,NTC,2,0.14,0.08,0.28,0.085,2018-03-14 15:51:47
LePen,LEPEN,5389,0.13,0.043,0.39,0.084,2018-03-14 15:51:47
Wallet Builders Coin,WBC,,0.14,0.056,0.35,0.084,2018-03-14 15:51:47
TerraNova,TER,406,0.12,0.063,0.36,0.084,2018-03-14 15:51:47
KexCoin,KEXCOIN,0,0.0,0.21,0.3,0.083,2018-03-14 15:51:47
Jingtum Tech,SWTC,95111,0.0,0.044,0.31,0.083,2018-03-14 15:51:47
Unioncoin,UNC,8,0.12,0.082,0.3,0.083,2018-03-14 15:51:47
Qube,QUBE,74762,0.0,0.0,0.31,0.083,2018-03-14 15:51:47
Indicoin,INDI,478,0.0,0.2,0.31,0.083,2018-03-14 15:51:47
NumusCash,NUMUS,39,0.12,0.086,0.28,0.082,2018-03-14 15:51:47
Tyrocoin,TYC,0,0.12,0.087,0.3,0.082,2018-03-14 15:51:47
Goldmaxcoin,GMX,777,0.12,0.077,0.31,0.082,2018-03-14 15:51:47
ENTCash,ENT,9180,0.0,0.15,0.3,0.081,2018-03-14 15:51:47
Freshcoin,FRSH,,0.15,0.051,0.3,0.081,2018-03-14 15:51:47
xCash,XCASH,,0.13,0.054,0.35,0.081,2018-03-14 15:51:47
SARCoin,SAR,,0.15,0.051,0.31,0.081,2018-03-14 15:51:47
GAY Money,GAY,52,0.15,0.023,0.34,0.081,2018-03-14 15:51:47
Tattoocoin (Limited Edition),TLE,1302,0.13,0.058,0.31,0.081,2018-03-14 15:51:47
VOISE,VSM,,0.12,0.029,0.43,0.08,2018-03-14 15:51:47
Esports.com,ERT,8,0.0,0.14,0.42,0.08,2018-03-14 15:51:47
Cloud,CLD,8426,0.0,0.15,0.41,0.079,2018-03-14 15:51:47
GSMcoin,GSM,,0.13,0.066,0.3,0.079,2018-03-14 15:51:47
High Gain,HIGH,469,0.13,0.051,0.33,0.079,2018-03-14 15:51:47
Xios,XIOS,,0.12,0.07,0.31,0.079,2018-03-14 15:51:47
BitSoar,BSR,196903,0.0,0.023,0.29,0.079,2018-03-14 15:51:47
KemCredit,KMC,460,0.0,0.2,0.26,0.078,2018-03-14 15:51:47
Applecoin,APC,47,0.14,0.039,0.31,0.078,2018-03-14 15:51:47
Bitbase,BTBC,,0.13,0.068,0.29,0.078,2018-03-14 15:51:47
ZcCoin,ZCC,18,0.18,0.0,0.3,0.077,2018-03-14 15:51:47
UAHPay,UAH,,0.12,0.069,0.3,0.077,2018-03-14 15:51:47
UG Token,UGT,,0.0,0.15,0.39,0.076,2018-03-14 15:51:47
Frazcoin,FRAZ,3,0.13,0.054,0.3,0.076,2018-03-14 15:51:47
UtilityCoin,UTIL,,0.12,0.046,0.35,0.076,2018-03-14 15:51:47
PeopleCoin,MEN,0,0.12,0.063,0.3,0.076,2018-03-14 15:51:47
MasterTraderCoin,MTR,,0.14,0.066,0.24,0.075,2018-03-14 15:51:47
Shibecoin,SHIBE,,0.12,0.069,0.28,0.075,2018-03-14 15:51:47
Turbocoin,TURBO,42,0.12,0.056,0.28,0.074,2018-03-14 15:51:47
Roofs,ROOFS,,0.12,0.052,0.31,0.074,2018-03-14 15:51:47
Avoncoin,ACN,103,0.14,0.024,0.31,0.073,2018-03-14 15:51:47
Maverick Chain,MVC,11957,0.0,0.092,0.28,0.073,2018-03-14 15:51:47
GulfCoin,MGC,472,0.12,0.051,0.3,0.073,2018-03-14 15:51:47
Cryptokenz,CYT,,0.12,0.05,0.3,0.073,2018-03-14 15:51:47
Jiyo,JIYO,76907,0.13,0.0,0.23,0.072,2018-03-14 15:51:47
Pipcoin,PIP,,0.13,0.024,0.33,0.072,2018-03-14 15:51:47
MapCoin,MAPC,,0.12,0.046,0.31,0.072,2018-03-14 15:51:47
YoGold,YOG,,0.0,0.15,0.33,0.071,2018-03-14 15:51:47
Kashhcoin,KASHH,0,0.084,0.069,0.31,0.071,2018-03-14 15:51:47
DigiCube,CUBE,3632,0.14,0.0,0.32,0.07,2018-03-14 15:51:47
Bikercoin,BIC,,0.12,0.041,0.3,0.07,2018-03-14 15:51:47
StarChain,STC,65491,0.0,0.0,0.27,0.07,2018-03-14 15:51:47
Falcoin,FAL,0,0.0,0.0,0.43,0.069,2018-03-14 15:51:47
Cyder,CYDER,3558,0.15,0.0,0.29,0.069,2018-03-14 15:51:47
Tokugawa,TOK,7648,0.12,0.054,0.24,0.068,2018-03-14 15:51:47
OX Fina,OX,6657,0.12,0.058,0.22,0.068,2018-03-14 15:51:47
Nxttycoin,NXTTY,,0.0,0.15,0.3,0.068,2018-03-14 15:51:47
Muse,MUSE,717,0.0,0.11,0.4,0.068,2018-03-14 15:51:47
Putin Classic,PUTIC,,0.13,0.0,0.34,0.067,2018-03-14 15:51:47
Groupcoin,GPC,,0.12,0.02,0.31,0.066,2018-03-14 15:51:47
MorningStar,MRNG,27,0.0,0.11,0.37,0.066,2018-03-14 15:51:47
Cubits,QBT,94,0.14,0.0,0.3,0.066,2018-03-14 15:51:47
Candy,CANDY,64805,0.0,0.0,0.37,0.065,2018-03-14 15:51:47
Faceblock,FBL,30,0.0,0.07,0.47,0.065,2018-03-14 15:51:47
TradecoinV2,TRADE2,,0.13,0.0,0.3,0.063,2018-03-14 15:51:47
UtaCoin,UTA,0,0.12,0.0,0.3,0.062,2018-03-14 15:51:47
CoEval,COE,,0.0,0.14,0.28,0.062,2018-03-14 15:51:47
Neptunecoin,NTC,2,0.12,0.0,0.3,0.062,2018-03-14 15:51:47
DarkLisk,DISK,25,0.13,0.0,0.27,0.061,2018-03-14 15:51:47
MaYaCoin,MYC,,0.12,0.0,0.31,0.061,2018-03-14 15:51:47
Bitcoin Silver,BTCS,,0.0,0.081,0.41,0.061,2018-03-14 15:51:47
BitStake,XBS,,0.13,0.0,0.28,0.061,2018-03-14 15:51:47
Alphacat,ACAT,20622,0.0,0.0,0.3,0.061,2018-03-14 15:51:47
IDEX Membership,IDXM,3018,0.0,0.082,0.38,0.061,2018-03-14 15:51:47
MBitBooks,MBIT,,0.13,0.0,0.28,0.06,2018-03-14 15:51:47
Xenixcoin,XEN,,0.12,0.0,0.3,0.06,2018-03-14 15:51:47
Hyper Pay,HPY,,0.0,0.097,0.36,0.06,2018-03-14 15:51:47
EtherDoge,EDOGE,,0.12,0.0,0.28,0.06,2018-03-14 15:51:47
iTicoin,ITI,,0.13,0.0,0.28,0.06,2018-03-14 15:51:47
Shekel,JEW,4200,0.0,0.065,0.41,0.059,2018-03-14 15:51:47
BITFID,FID,1,0.12,0.0,0.29,0.059,2018-03-14 15:51:47
Scotcoin,SCOT,,0.0,0.13,0.26,0.059,2018-03-14 15:51:47
Coinomat,CNMT,,0.0,0.12,0.28,0.059,2018-03-14 15:51:47
Bitcoin God,GOD,292,0.0,0.075,0.38,0.059,2018-03-14 15:51:47
10M Token,10MT,1,0.0,0.066,0.37,0.056,2018-03-14 15:51:47
First Bitcoin,BIT,166,0.0,0.038,0.44,0.055,2018-03-14 15:51:47
Fibre,FIBRE,,0.0,0.12,0.25,0.055,2018-03-14 15:51:47
Maggie,MAG,44172,0.0,0.0,0.33,0.055,2018-03-14 15:51:47
BitcoinCashScrypt,BCCS,0,0.11,0.0,0.26,0.054,2018-03-14 15:51:47
Bankera,BNK,,0.0,0.087,0.32,0.054,2018-03-14 15:51:47
Cashaa,CAS,65764,0.0,0.0,0.3,0.054,2018-03-14 15:51:47
Escroco,ESC,645,0.0,0.11,0.27,0.054,2018-03-14 15:51:47
iBTC,IBTC,5,0.0,0.076,0.33,0.054,2018-03-14 15:51:47
TimesCoin,TMC,40782,0.0,0.0,0.25,0.053,2018-03-14 15:51:47
Bitcoin2x,BTC2X,1,0.0,0.073,0.31,0.052,2018-03-14 15:51:47
Swapcoin,SWP,1348,0.0,0.069,0.32,0.051,2018-03-14 15:51:47
DeBuNe,DEBUNE,,0.0,0.1,0.26,0.051,2018-03-14 15:51:47
Litecoin Gold,LTG,6848,0.0,0.076,0.3,0.051,2018-03-14 15:51:47
Primulon,PRIMU,64,0.0,0.082,0.29,0.051,2018-03-14 15:51:47
First Bitcoin Capital,BITCF,2415,0.0,0.038,0.39,0.051,2018-03-14 15:51:47
Ethereum Lite,ELITE,294,0.0,0.076,0.3,0.051,2018-03-14 15:51:47
MSD,MSD,44527,0.0,0.0,0.33,0.05,2018-03-14 15:51:47
eLTC,ELTC2,0,0.0,0.065,0.32,0.05,2018-03-14 15:51:47
Bitcoin SegWit2X,BT2,12987,0.0,0.0,0.4,0.05,2018-03-14 15:51:47
President Trump,PRES,3404,0.0,0.05,0.35,0.049,2018-03-14 15:51:47
iQuant,IQT,301,0.0,0.075,0.29,0.049,2018-03-14 15:51:47
LLToken,LLT,1,0.0,0.084,0.28,0.049,2018-03-14 15:51:47
eUSD,EUSD,74,0.0,0.072,0.29,0.049,2018-03-14 15:51:47
Minex,MINEX,86,0.0,0.067,0.3,0.049,2018-03-14 15:51:47
BTCMoon,BTCM,785,0.0,0.065,0.3,0.048,2018-03-14 15:51:47
Dutch Coin,DUTCH,392,0.0,0.048,0.34,0.048,2018-03-14 15:51:47
Internet of Things,XOT,1439,0.0,0.039,0.36,0.048,2018-03-14 15:51:47
Authoreon,AUN,,0.0,0.075,0.27,0.046,2018-03-14 15:51:47
GameChain System,GCS,3049,0.0,0.047,0.32,0.046,2018-03-14 15:51:47
FAPcoin,FAP,13,0.0,0.054,0.3,0.046,2018-03-14 15:51:47
Bastonet,BSN,,0.0,0.069,0.28,0.046,2018-03-14 15:51:47
NEO GOLD,NEOG,2121,0.0,0.057,0.29,0.045,2018-03-14 15:51:47
DRP Utility,DRPU,13915,0.0,0.0,0.42,0.044,2018-03-14 15:51:47
TileCoin,XTC,,0.0,0.049,0.3,0.042,2018-03-14 15:51:47
RHFCoin,RHFC,158,0.0,0.047,0.28,0.042,2018-03-14 15:51:47
LTBcoin,LTBC,,0.0,0.055,0.28,0.042,2018-03-14 15:51:47
Akuya Coin,AKY,79,0.0,0.047,0.27,0.041,2018-03-14 15:51:47
Facecoin,FC,,0.0,0.055,0.27,0.041,2018-03-14 15:51:47
UniversalRoyalCoin,UNRC,41,0.0,0.032,0.31,0.041,2018-03-14 15:51:47
Wi Coin,WIC,249,0.0,0.12,0.071,0.04,2018-03-14 15:51:47
Casino,CASINO,,0.0,0.0,0.39,0.039,2018-03-14 15:51:47
MMNXT,MMNXT,,0.0,0.043,0.28,0.039,2018-03-14 15:51:47
President Johnson,GARY,2540,0.0,0.0,0.37,0.039,2018-03-14 15:51:47
NxttyACCI,ACCI,,0.0,0.032,0.3,0.038,2018-03-14 15:51:47
Bitfinex Bitcoin Future,BT1,4962,0.0,0.0,0.38,0.038,2018-03-14 15:51:47
Round,ROUND,,0.0,0.0,0.36,0.036,2018-03-14 15:51:47
Infinity Pay,IPY,5,0.0,0.0,0.33,0.035,2018-03-14 15:51:47
PinkDog,PDG,1,0.0,0.0,0.32,0.034,2018-03-14 15:51:47
Project-X,NANOX,385,0.0,0.0,0.31,0.033,2018-03-14 15:51:47
DHG,DHG,,0.0,0.0,0.33,0.033,2018-03-14 15:51:47
SwapToken,TOKEN,366,0.0,0.0,0.31,0.033,2018-03-14 15:51:47
SIGMAcoin,SIGMA,2159,0.0,0.0,0.31,0.033,2018-03-14 15:51:47
The Deal Coin,DLSD,,0.0,0.0,0.32,0.032,2018-03-14 15:51:47
Hacker Gold,HKG,,0.0,0.0,0.32,0.032,2018-03-14 15:51:47
Wowcoin,WOW,616,0.0,0.0,0.29,0.031,2018-03-14 15:51:47
SnakeEyes,SNAKE,21,0.0,0.0,0.29,0.031,2018-03-14 15:51:47
DigiEuro,DEUR,,0.0,0.0,0.3,0.03,2018-03-14 15:51:47
NXTventure,NXTV,,0.0,0.0,0.3,0.03,2018-03-14 15:51:47
jl777hodl,JLH,,0.0,0.0,0.3,0.03,2018-03-14 15:51:47
SocialxBot,XBOT,,0.0,0.0,0.3,0.03,2018-03-14 15:51:47
Krypton,KR,,0.0,0.0,0.3,0.03,2018-03-14 15:51:47
Pangea Poker,PANGEA,,0.0,0.0,0.29,0.029,2018-03-14 15:51:47
Rcoin,RCN,5,0.0,0.0,0.27,0.029,2018-03-14 15:51:47
TeslaCoilCoin,TESLA,2536,0.0,0.0,0.26,0.028,2018-03-14 15:51:47
XTD Coin,XTD,99,0.0,0.012,0.22,0.027,2018-03-14 15:51:47
LALA World,LALA,56991,0.0,0.0,0.0,0.0,2018-03-14 15:51:47
Ambit Mining,AMBT,,0.0,0.0,0.0,0.0,2018-03-14 15:51:47
Ambrosus,AMB,765645,0.0,0.0,0.0,0.0,2018-03-14 15:51:47
