id,name,symbol,rank,price,day_volume,market_cap,p_day_vol,available_supply,total_supply,p_tot_supply,max_supply,p_max_supply,p_change_hour,p_change_day,p_change_week,last_updated,load_date
bitcoin,Bitcoin,BTC,1,9290.39,6092870000.0,1.57173303686e+11,0.0387652982861,16917837.0,16917837.0,1.0,21000000.0,0.805611285714,-0.0027,0.0115,-0.1379,2018-03-14 10:34:27,2018-03-14 10:38:41
ethereum,Ethereum,ETH,2,702.501,1463630000.0,68966494453.0,0.0212223342887,98172806.0,98172806.0,1.0,1.0,0,0.0014,0.0051,-0.1345,2018-03-14 10:34:12,2018-03-14 10:38:41
ripple,Ripple,XRP,3,0.793815,281931000.0,31031590946.0,0.00908528990636,39091716516.0,99992497246.0,0.390946496914,1e+11,0.39091716516,-0.0051,0.0002,-0.1408,2018-03-14 10:34:01,2018-03-14 10:38:41
bitcoin-cash,Bitcoin Cash,BCH,4,1063.54,459788000.0,18097622056.0,0.0254059897249,17016400.0,17016400.0,1.0,21000000.0,0.810304761905,-0.0048,0.0053,-0.1121,2018-03-14 10:34:13,2018-03-14 10:38:41
litecoin,Litecoin,LTC,5,177.225,464467000.0,9856883411.0,0.0471210808359,55617906.0,55617906.0,1.0,84000000.0,0.662117928571,0.0018,-0.0033,-0.0975,2018-03-14 10:34:01,2018-03-14 10:38:41
cardano,Cardano,ADA,6,0.229624,122659000.0,5953477645.0,0.0206029160289,25927070538.0,31112483745.0,0.833333357455,45000000000.0,0.576157123067,-0.002,0.0239,-0.1841,2018-03-14 10:34:14,2018-03-14 10:38:41
neo,NEO,NEO,7,84.4542,122911000.0,5489523000.0,0.0223901056613,65000000.0,100000000.0,0.65,100000000.0,0.65,-0.0044,-0.0145,-0.2194,2018-03-14 10:34:08,2018-03-14 10:38:41
stellar,Stellar,XLM,8,0.293614,30331700.0,5431472437.0,0.00558443412018,18498683431.0,1.03768249378e+11,0.178269206061,1.0,0,-0.0042,0.0058,-0.1281,2018-03-14 10:34:03,2018-03-14 10:38:41
nem,NEM,XEM,9,0.48365,153544000.0,4352850000.0,0.0352743604765,8999999999.0,8999999999.0,1.0,1.0,0,0.0161,0.1626,0.4374,2018-03-14 10:34:05,2018-03-14 10:38:41
eos,EOS,EOS,10,5.92396,204893000.0,4304276667.0,0.0476021909955,726587733.0,900000000.0,0.807319703333,1000000000.0,0.726587733,-0.0019,0.0127,-0.1789,2018-03-14 10:34:11,2018-03-14 10:38:41
monero,Monero,XMR,11,250.198,69704000.0,3958538207.0,0.0176085202049,15821622.0,15821622.0,1.0,1.0,0,-0.001,-0.0275,-0.2825,2018-03-14 10:34:03,2018-03-14 10:38:41
dash,Dash,DASH,12,489.738,85938200.0,3890777646.0,0.0220876667389,7944610.0,7944610.0,1.0,18900000.0,0.42034973545,-0.0004,-0.0119,-0.143,2018-03-14 10:34:02,2018-03-14 10:38:41
iota,IOTA,MIOTA,13,1.34974,25580700.0,3751643204.0,0.00681853220283,2779530283.0,2779530283.0,1.0,2779530283.0,1.0,0.0095,0.0162,-0.1974,2018-03-14 10:34:11,2018-03-14 10:38:41
tron,TRON,TRX,14,0.0359382,201347000.0,2362871691.0,0.0852128368912,65748192475.0,1e+11,0.65748192475,1.0,0,0.0005,0.002,-0.1808,2018-03-14 10:34:14,2018-03-14 10:38:41
tether,Tether,USDT,15,1.00129,1890470000.0,2220000925.0,0.851562708245,2217140814.0,2280109970.0,0.972383281145,1.0,0,-0.0001,0.0003,0.0011,2018-03-14 10:34:06,2018-03-14 10:38:41
vechain,VeChain,VEN,16,4.52423,122248000.0,2209125888.0,0.0553377246014,488287706.0,873378637.0,0.559079058399,1.0,0,0.0006,0.1197,-0.0502,2018-03-14 10:34:13,2018-03-14 10:38:41
ethereum-classic,Ethereum Classic,ETC,17,20.1346,178713000.0,2023290376.0,0.0883279049413,100488233.0,100488233.0,1.0,1.0,0,-0.0008,-0.0135,-0.1935,2018-03-14 10:34:08,2018-03-14 10:38:41
lisk,Lisk,LSK,18,14.1273,17948000.0,1452160508.0,0.0123595152885,102791086.0,119007732.0,0.863734517687,1.0,0,-0.0055,0.0022,-0.1603,2018-03-14 10:34:07,2018-03-14 10:38:41
nano,Nano,NANO,19,10.817,46025300.0,1441346744.0,0.0319321497007,133248289.0,133248289.0,1.0,133248290.0,0.999999992495,-0.0089,0.0173,-0.1863,2018-03-14 10:34:09,2018-03-14 10:38:41
omisego,OmiseGO,OMG,20,13.7287,27032600.0,1400911580.0,0.0192964355395,102042552.0,140245398.0,0.727600002961,1.0,0,0.0041,0.0037,-0.1456,2018-03-14 10:34:12,2018-03-14 10:38:41
qtum,Qtum,QTUM,21,18.3657,105312000.0,1358088198.0,0.0775443009924,73946988.0,100446988.0,0.736179247107,1.0,0,-0.0078,-0.0028,-0.2616,2018-03-14 10:34:11,2018-03-14 10:38:41
bitcoin-gold,Bitcoin Gold,BTG,22,80.1391,18157100.0,1352691798.0,0.0134229393768,16879299.0,16979299.0,0.99411047535,21000000.0,0.803776142857,0.0004,0.0101,-0.2187,2018-03-14 10:34:16,2018-03-14 10:38:41
icon,ICON,ICX,23,3.0618,44068300.0,1182291149.0,0.0372736445141,386142514.0,400230000.0,0.964801524124,1.0,0,0.0248,0.1628,-0.0917,2018-03-14 10:34:15,2018-03-14 10:38:41
binance-coin,Binance Coin,BNB,24,10.233,224422000.0,1013210262.0,0.221495980071,99014000.0,197192382.0,0.502118788747,1.0,0,0.0035,0.271,0.0809,2018-03-14 10:34:12,2018-03-14 10:38:41
zcash,Zcash,ZEC,25,287.685,45650600.0,999491409.0,0.0456738292985,3474256.0,3474256.0,1.0,1.0,0,-0.0035,-0.0289,-0.2415,2018-03-14 10:34:08,2018-03-14 10:38:41
populous,Populous,PPT,26,19.1687,8809560.0,709319090.0,0.0124197418682,37004027.0,53252246.0,0.694881996151,53252246.0,0.694881996151,0.0026,0.1013,-0.0284,2018-03-14 10:34:11,2018-03-14 10:38:41
digixdao,DigixDAO,DGD,27,336.89,9851540.0,673780000.0,0.0146213007213,2000000.0,2000000.0,1.0,1.0,0,0.0179,-0.0091,-0.3004,2018-03-14 10:34:07,2018-03-14 10:38:41
steem,Steem,STEEM,28,2.62733,13190600.0,664156512.0,0.0198606800681,252787626.0,269761720.0,0.937077454874,1.0,0,0.0093,0.0487,-0.1854,2018-03-14 10:34:07,2018-03-14 10:38:41
bytecoin-bcn,Bytecoin,BCN,29,0.00309905,4777550.0,569545108.0,0.00838836104971,1.83780548099e+11,1.83780548099e+11,1.0,1.8447e+11,0.996262525609,-0.0105,-0.0389,-0.2149,2018-03-14 10:34:03,2018-03-14 10:38:41
waves,Waves,WAVES,30,5.65266,22751400.0,565266000.0,0.0402490155077,100000000.0,100000000.0,1.0,1.0,0,0.0019,0.0105,-0.0805,2018-03-14 10:34:07,2018-03-14 10:38:41
stratis,Stratis,STRAT,31,5.52052,5331360.0,545293742.0,0.009777042334,98775793.0,98775793.0,1.0,1.0,0,0.0041,0.0129,-0.2455,2018-03-14 10:34:08,2018-03-14 10:38:41
verge,Verge,XVG,32,0.0370501,7209250.0,544861970.0,0.0132313326988,14706086344.0,14706086344.0,1.0,16555000000.0,0.888316903896,0.0123,-0.0069,-0.2485,2018-03-14 10:34:04,2018-03-14 10:38:41
maker,Maker,MKR,33,819.144,748008.0,506417569.0,0.00147705775982,618228.0,1000000.0,0.618228,1.0,0,0.0035,0.0124,-0.1314,2018-03-14 10:34:09,2018-03-14 10:38:41
rchain,RChain,RHOC,34,1.36673,653623.0,491279145.0,0.00133045134656,359455887.0,870663574.0,0.412852791519,1000000000.0,0.359455887,0.0124,0.0546,-0.167,2018-03-14 10:34:15,2018-03-14 10:38:41
status,Status,SNT,35,0.138471,17989200.0,480561361.0,0.0374337211851,3470483788.0,6804870174.0,0.509999999891,1.0,0,0.0009,0.017,-0.1971,2018-03-14 10:34:12,2018-03-14 10:38:41
siacoin,Siacoin,SC,36,0.0140338,4700350.0,463545171.0,0.0101400042414,33030623997.0,33030623997.0,1.0,1.0,0,-0.0076,-0.0132,-0.1997,2018-03-14 10:34:06,2018-03-14 10:38:41
dogecoin,Dogecoin,DOGE,37,0.00399621,5725750.0,453857882.0,0.0126157333101,1.13572080041e+11,1.13572080041e+11,1.0,1.0,0,0.005,-0.0025,-0.1302,2018-03-14 10:34:02,2018-03-14 10:38:41
bitshares,BitShares,BTS,38,0.166368,5501080.0,434345256.0,0.0126652240908,2610750000.0,2610750000.0,1.0,3600570502.0,0.725093425764,0.0082,0.0239,-0.1371,2018-03-14 10:34:03,2018-03-14 10:38:41
augur,Augur,REP,39,38.9158,3752660.0,428073800.0,0.00876638560921,11000000.0,11000000.0,1.0,1.0,0,-0.0026,0.1186,-0.1008,2018-03-14 10:34:06,2018-03-14 10:38:41
decred,Decred,DCR,40,60.868,537372.0,421815623.0,0.00127394996937,6930006.0,7350006.0,0.942857189504,21000000.0,0.330000285714,-0.0046,0.0216,-0.1704,2018-03-14 10:34:06,2018-03-14 10:38:41
aeternity,Aeternity,AE,41,1.75528,2215620.0,409016174.0,0.00541694959965,233020472.0,273685830.0,0.851415917295,1.0,0,0.0058,-0.0041,-0.1714,2018-03-14 10:34:11,2018-03-14 10:38:41
waltonchain,Waltonchain,WTC,42,15.6595,7138910.0,389893018.0,0.0183099200817,24898178.0,70000000.0,0.355688257143,100000000.0,0.24898178,-0.011,-0.0234,-0.3427,2018-03-14 10:34:14,2018-03-14 10:38:41
komodo,Komodo,KMD,43,3.59542,1526700.0,374013016.0,0.00408194350113,104024847.0,104024847.0,1.0,1.0,0,0.008,-0.0018,-0.0719,2018-03-14 10:34:10,2018-03-14 10:38:41
bytom,Bytom,BTM,44,0.376629,11932300.0,371732823.0,0.0320991294331,987000000.0,1407000000.0,0.701492537313,1.0,0,0.0068,0.0259,-0.086,2018-03-14 10:34:12,2018-03-14 10:38:41
ardor,Ardor,ARDR,45,0.361723,10278200.0,361361094.0,0.0284430177201,998999495.0,998999495.0,1.0,998999495.0,1.0,0.0088,0.241,-0.0471,2018-03-14 10:34:07,2018-03-14 10:38:41
ark,Ark,ARK,46,3.52523,2751660.0,356815588.0,0.00771171465749,101217676.0,132467676.0,0.764093392867,1.0,0,-0.004,0.0482,-0.068,2018-03-14 10:34:10,2018-03-14 10:38:41
electroneum,Electroneum,ETN,47,0.053098,3190520.0,340710670.0,0.00936430901915,6416638478.0,6416638478.0,1.0,21000000000.0,0.305554213238,-0.0633,0.1615,-0.1646,2018-03-14 10:34:16,2018-03-14 10:38:41
veritaseum,Veritaseum,VERI,48,162.303,405811.0,330553665.0,0.00122767055086,2036645.0,100000000.0,0.02036645,1.0,0,-0.0006,0.0387,-0.1664,2018-03-14 10:34:11,2018-03-14 10:38:41
zilliqa,Zilliqa,ZIL,49,0.0474841,13163800.0,313648006.0,0.041969978282,6605326966.0,12600000000.0,0.524232298889,1.0,0,-0.0307,0.0321,0.0024,2018-03-14 10:34:20,2018-03-14 10:38:41
0x,0x,ZRX,50,0.60183,5844710.0,311143790.0,0.0187845947367,516996145.0,1000000000.0,0.516996145,1.0,0,-0.0012,-0.045,-0.236,2018-03-14 10:34:13,2018-03-14 10:38:41
kucoin-shares,KuCoin Shares,KCS,51,3.34971,737757.0,304967902.0,0.00241912999749,91043076.0,181043076.0,0.50288073983,1.0,0,-0.0023,0.0122,0.0097,2018-03-14 10:34:16,2018-03-14 10:38:41
cryptonex,Cryptonex,CNX,52,6.28896,185544.0,284030498.0,0.000653253792485,45163349.0,106600975.0,0.423667316364,210000000.0,0.215063566667,-0.0034,-0.0008,-0.1358,2018-03-14 10:34:14,2018-03-14 10:38:41
digibyte,DigiByte,DGB,53,0.0267768,1729250.0,266935206.0,0.00647816384325,9968898664.0,9968898664.0,1.0,21000000000.0,0.47470946019,-0.0002,0.0001,-0.148,2018-03-14 10:34:02,2018-03-14 10:38:41
hshare,Hshare,HSR,54,6.21491,18343700.0,265591720.0,0.0690672886941,42734604.0,42734604.0,1.0,84000000.0,0.508745285714,-0.0117,0.0256,-0.231,2018-03-14 10:34:13,2018-03-14 10:38:41
syscoin,Syscoin,SYS,55,0.483586,1506790.0,257061139.0,0.00586160166356,531572748.0,531572748.0,1.0,888000000.0,0.598617959459,-0.0011,0.0236,-0.2376,2018-03-14 10:34:03,2018-03-14 10:38:41
pivx,PIVX,PIVX,56,4.6097,1279810.0,257012248.0,0.00497956813327,55754658.0,55754658.0,1.0,1.0,0,-0.0003,0.0375,-0.1692,2018-03-14 10:34:06,2018-03-14 10:38:41
dragonchain,Dragonchain,DRGN,57,1.05562,1095160.0,251682968.0,0.00435134728704,238421940.0,433494437.0,0.549999999193,1.0,0,-0.0163,-0.0142,-0.2618,2018-03-14 10:34:17,2018-03-14 10:38:41
golem-network-tokens,Golem,GNT,58,0.300606,6287520.0,250784163.0,0.0250714396188,834262000.0,1000000000.0,0.834262,1.0,0,-0.0139,-0.0151,-0.2722,2018-03-14 10:34:08,2018-03-14 10:38:41
monacoin,MonaCoin,MONA,59,4.30249,1718160.0,249748142.0,0.00687957069967,58047350.0,58047350.0,1.0,1.0,0,-0.0008,0.002,-0.1418,2018-03-14 10:34:02,2018-03-14 10:38:41
basic-attention-token,Basic Attention Token,BAT,60,0.249004,4200560.0,249004000.0,0.0168694478804,1000000000.0,1500000000.0,0.666666666667,1.0,0,0.0033,-0.0405,-0.2562,2018-03-14 10:34:12,2018-03-14 10:38:41
aion,Aion,AION,61,2.58371,2311270.0,248434834.0,0.00930332499186,96154303.0,465934587.0,0.206368674236,1.0,0,0.0372,0.1053,-0.1117,2018-03-14 10:34:15,2018-03-14 10:38:41
ethos,Ethos,ETHOS,62,3.20238,1118590.0,243301340.0,0.00459754968879,75975162.0,222295208.0,0.341775977465,1.0,0,0.0067,-0.0167,-0.2444,2018-03-14 10:34:12,2018-03-14 10:38:41
gas,Gas,GAS,63,24.2723,2982910.0,240379284.0,0.0124091808178,9903441.0,16137032.0,0.613708952179,100000000.0,0.09903441,-0.002,-0.0173,-0.2476,2018-03-14 10:34:12,2018-03-14 10:38:41
factom,Factom,FCT,64,27.3287,1570430.0,238992269.0,0.00657104937566,8745102.0,8745102.0,1.0,1.0,0,-0.0004,0.0257,-0.1245,2018-03-14 10:34:06,2018-03-14 10:38:41
qash,QASH,QASH,65,0.656589,3720600.0,229806150.0,0.0161901672344,350000000.0,1000000000.0,0.35,1.0,0,-0.0054,0.0013,-0.1496,2018-03-14 10:34:17,2018-03-14 10:38:41
revain,Revain,R,66,1.21101,5627390.0,223370795.0,0.0251930428058,184450000.0,484450000.0,0.380741046548,484450000.0,0.380741046548,-0.0047,0.0989,-0.0492,2018-03-14 10:34:16,2018-03-14 10:38:41
nebulas-token,Nebulas,NAS,67,6.09092,8064730.0,216227660.0,0.0372974021917,35500000.0,100000000.0,0.355,100000000.0,0.355,-0.0095,-0.0063,-0.1281,2018-03-14 10:34:13,2018-03-14 10:38:41
funfair,FunFair,FUN,68,0.0455603,1015500.0,209808584.0,0.00484012608369,4605074689.0,10999873621.0,0.418647963392,1.0,0,0.0034,0.0019,-0.1708,2018-03-14 10:34:12,2018-03-14 10:38:41
chainlink,ChainLink,LINK,69,0.56675,4674440.0,198362500.0,0.0235651395803,350000000.0,1000000000.0,0.35,1.0,0,-0.015,0.0914,0.0386,2018-03-14 10:34:14,2018-03-14 10:38:41
loopring,Loopring,LRC,70,0.33941,2758500.0,194167651.0,0.014206794931,572074043.0,1374956262.0,0.416067084322,1.0,0,-0.0032,-0.029,-0.2716,2018-03-14 10:34:14,2018-03-14 10:38:41
reddcoin,ReddCoin,RDD,71,0.00670614,5586090.0,192963490.0,0.0289489478035,28774151777.0,28774151777.0,1.0,1.0,0,-0.0003,0.0566,-0.1467,2018-03-14 10:34:02,2018-03-14 10:38:41
kin,Kin,KIN,72,0.000244624,334284.0,184959610.0,0.00180733512576,7.56097560976e+11,1e+13,0.0756097560976,1.0,0,0.1142,0.063,-0.1208,2018-03-14 10:34:14,2018-03-14 10:38:41
iostoken,IOStoken,IOST,73,0.0216943,28283600.0,182232120.0,0.155206447689,8400000000.0,21000000000.0,0.4,1.0,0,0.0244,0.1149,-0.2972,2018-03-14 10:34:19,2018-03-14 10:38:41
gxchain,GXChain,GXS,74,3.03008,6509960.0,181804800.0,0.0358074154258,60000000.0,100000000.0,0.6,100000000.0,0.6,0.0122,0.0442,-0.1458,2018-03-14 10:34:11,2018-03-14 10:38:41
aelf,aelf,ELF,75,0.723671,23163000.0,180917750.0,0.128030555321,250000000.0,280000000.0,0.892857142857,1000000000.0,0.25,-0.003,-0.0282,-0.3394,2018-03-14 10:34:18,2018-03-14 10:38:41
salt,SALT,SALT,76,3.2303,3990810.0,180106792.0,0.0221580205593,55755438.0,120000000.0,0.46462865,1.0,0,0.0177,0.0809,-0.162,2018-03-14 10:34:15,2018-03-14 10:38:41
zcoin,ZCoin,XZC,77,41.8195,998123.0,179822628.0,0.00555059733639,4299971.0,4299971.0,1.0,21400000.0,0.200933224299,-0.0099,0.0155,-0.1592,2018-03-14 10:34:08,2018-03-14 10:38:41
kyber-network,Kyber Network,KNC,78,1.33517,7254350.0,179089953.0,0.0405067390911,134132697.0,215625349.0,0.622063674898,1.0,0,0.0175,0.0643,-0.2516,2018-03-14 10:34:14,2018-03-14 10:38:41
power-ledger,Power Ledger,POWR,79,0.491949,13142400.0,179036449.0,0.0734062816449,363932947.0,1000000000.0,0.363932947,1.0,0,-0.0132,0.1206,-0.0532,2018-03-14 10:34:16,2018-03-14 10:38:41
dentacoin,Dentacoin,DCN,80,0.000530129,81649.6,172412059.0,0.000473572443097,3.25226613094e+11,1.96317341617e+12,0.165663721002,8e+12,0.0406533266368,0.0246,0.0034,-0.0959,2018-03-14 10:34:13,2018-03-14 10:38:41
polymath-network,Polymath,POLY,81,0.687605,374464.0,165025028.0,0.00226913459454,239999750.0,1000000000.0,0.23999975,1.0,0,0.0041,0.0496,-0.123,2018-03-14 10:34:20,2018-03-14 10:38:41
smartcash,SmartCash,SMART,82,0.207198,143960.0,163691533.0,0.000879459049357,790024676.0,1391068955.0,0.567926322531,5000000000.0,0.1580049352,-0.0139,0.0209,-0.047,2018-03-14 10:34:12,2018-03-14 10:38:41
nxt,Nxt,NXT,83,0.162586,3447690.0,162423404.0,0.0212265591971,998999942.0,998999942.0,1.0,1000000000.0,0.998999942,-0.0084,0.0547,-0.1098,2018-03-14 10:34:01,2018-03-14 10:38:41
byteball,Byteball Bytes,GBYTE,84,244.844,896756.0,157978748.0,0.00567643440243,645222.0,1000000.0,0.645222,1.0,0,-0.029,-0.0581,-0.4117,2018-03-14 10:34:09,2018-03-14 10:38:41
particl,Particl,PART,85,17.3866,558136.0,154725625.0,0.00360726285643,8899131.0,8899131.0,1.0,1.0,0,-0.008,-0.0794,-0.4078,2018-03-14 10:34:12,2018-03-14 10:38:41
bancor,Bancor,BNT,86,3.82386,4717980.0,153895615.0,0.0306570138467,40246143.0,74143894.0,0.542811293402,1.0,0,0.0022,-0.005,-0.1819,2018-03-14 10:34:11,2018-03-14 10:38:41
emercoin,Emercoin,EMC,87,3.67532,617660.0,152445293.0,0.00405168298637,41478101.0,41478101.0,1.0,1.0,0,0.0078,-0.0038,-0.0542,2018-03-14 10:34:04,2018-03-14 10:38:41
dent,Dent,DENT,88,0.0143129,742883.0,151928012.0,0.00488970394742,10614760961.0,1e+11,0.10614760961,1.0,0,-0.0017,-0.0291,-0.2473,2018-03-14 10:34:13,2018-03-14 10:38:41
neblio,Neblio,NEBL,89,11.7283,2158000.0,151321234.0,0.0142610520874,12902231.0,13654186.0,0.944928610171,1.0,0,-0.0008,-0.017,-0.2316,2018-03-14 10:34:14,2018-03-14 10:38:41
maidsafecoin,MaidSafeCoin,MAID,90,0.330311,1462900.0,149483040.0,0.00978639449666,452552412.0,452552412.0,1.0,1.0,0,-0.009,0.0338,-0.103,2018-03-14 10:34:03,2018-03-14 10:38:41
tenx,TenX,PAY,91,1.39072,3795970.0,145554577.0,0.026079358535,104661310.0,205218256.0,0.509999997271,1.0,0,-0.0034,0.0266,-0.1752,2018-03-14 10:34:11,2018-03-14 10:38:41
request-network,Request Network,REQ,92,0.210633,1828910.0,139587963.0,0.0131022042352,662706996.0,999999999.0,0.662706996663,1.0,0,-0.0013,0.0069,-0.2061,2018-03-14 10:34:15,2018-03-14 10:38:41
enigma-project,Enigma,ENG,93,1.85947,6134880.0,139155615.0,0.0440864711065,74836171.0,150000000.0,0.498907806667,1.0,0,-0.0025,-0.0036,-0.1897,2018-03-14 10:34:16,2018-03-14 10:38:41
iconomi,Iconomi,ICN,94,1.39141,869412.0,138773232.0,0.00626498343715,99735687.0,99735687.0,1.0,1.0,0,0.0014,0.0065,-0.3079,2018-03-14 10:34:08,2018-03-14 10:38:41
sirin-labs-token,SIRIN LABS Token,SRN,95,0.603582,14101200.0,138376020.0,0.101904939888,229258029.0,573145073.0,0.399999999651,1.0,0,-0.0091,-0.029,-0.0551,2018-03-14 10:34:18,2018-03-14 10:38:41
singularitynet,SingularityNET,AGI,96,0.259972,467017.0,135630002.0,0.00344331632466,521710040.0,1000000000.0,0.52171004,1.0,0,0.0154,-0.0104,-0.2226,2018-03-14 10:34:19,2018-03-14 10:38:41
storj,Storj,STORJ,97,1.00567,7789080.0,134182015.0,0.0580486140412,133425493.0,424999998.0,0.313942337948,1.0,0,-0.0169,-0.0269,-0.077,2018-03-14 10:34:12,2018-03-14 10:38:41
bitcore,Bitcore,BTX,98,10.4531,1722790.0,128843806.0,0.013371151113,12325894.0,16852406.0,0.731402625833,21000000.0,0.586947333333,0.0046,-0.0002,-0.009,2018-03-14 10:34:10,2018-03-14 10:38:41
nexus,Nexus,NXS,99,2.28887,2456680.0,128467178.0,0.0191230167755,56126900.0,56126900.0,1.0,1.0,0,-0.013,-0.0798,-0.3177,2018-03-14 10:34:05,2018-03-14 10:38:41
substratum,Substratum,SUB,100,0.559734,18296400.0,126551071.0,0.144577203934,226091449.0,352000000.0,0.642305252841,1.0,0,-0.0124,-0.0737,0.2663,2018-03-14 10:34:14,2018-03-14 10:38:41
pillar,Pillar,PLR,101,0.55313,87741.5,125773354.0,0.00069761596721,227384800.0,800000000.0,0.284231,1.0,0,-0.0032,-0.014,-0.2026,2018-03-14 10:34:12,2018-03-14 10:38:41
blocknet,Blocknet,BLOCK,102,24.3746,151471.0,123171884.0,0.00122975304981,5053288.0,5053288.0,1.0,1.0,0,-0.0054,-0.0243,-0.3618,2018-03-14 10:34:05,2018-03-14 10:38:41
cindicator,Cindicator,CND,103,0.0836513,1679050.0,120957822.0,0.0138812849987,1445976590.0,2000000005.0,0.722988293193,1.0,0,0.001,-0.0052,-0.2722,2018-03-14 10:34:15,2018-03-14 10:38:41
gnosis-gno,Gnosis,GNO,104,102.543,281841.0,113267972.0,0.00248826738065,1104590.0,10000000.0,0.110459,1.0,0,-0.0032,-0.0035,-0.2195,2018-03-14 10:34:10,2018-03-14 10:38:41
vertcoin,Vertcoin,VTC,105,2.59578,1345710.0,112454835.0,0.0119666708861,43322175.0,43322175.0,1.0,84000000.0,0.515740178571,0.0048,0.0143,-0.2005,2018-03-14 10:34:02,2018-03-14 10:38:41
monaco,Monaco,MCO,106,8.48774,30553800.0,112085209.0,0.272594397357,13205542.0,31587682.0,0.418059862702,1.0,0,-0.0252,-0.1426,0.0397,2018-03-14 10:34:12,2018-03-14 10:38:41
genesis-vision,Genesis Vision,GVT,107,29.1008,14285300.0,108452306.0,0.131719651955,3726781.0,4436644.0,0.840000009016,1.0,0,-0.0191,-0.0975,-0.1887,2018-03-14 10:34:17,2018-03-14 10:38:41
quantstamp,Quantstamp,QSP,108,0.175531,4077020.0,108357774.0,0.0376255422154,617314171.0,976442388.0,0.632207469264,1.0,0,0.0007,0.0075,-0.1386,2018-03-14 10:34:17,2018-03-14 10:38:41
civic,Civic,CVC,109,0.315807,8019790.0,108227048.0,0.0741015314397,342699966.0,1000000000.0,0.342699966,1.0,0,-0.0235,-0.0037,-0.0254,2018-03-14 10:34:12,2018-03-14 10:38:41
bitcoindark,BitcoinDark,BTCD,110,83.7787,104436.0,107979198.0,0.000967186290826,1288862.0,1288862.0,1.0,1.0,0,0.0002,-0.0273,-0.1547,2018-03-14 10:34:03,2018-03-14 10:38:41
xpa,XPA,XPA,111,0.105135,53423.4,105135000.0,0.000508140961621,1000000000.0,10000000000.0,0.1,1.0,0,0.027,0.0746,0.1515,2018-03-14 10:34:14,2018-03-14 10:38:41
storm,Storm,STORM,112,0.0255108,19104500.0,104204140.0,0.183337245526,4084706883.0,10000000000.0,0.4084706883,1.0,0,-0.0043,-0.0362,-0.015,2018-03-14 10:34:18,2018-03-14 10:38:41
enjin-coin,Enjin Coin,ENJ,113,0.13496,2596500.0,102055745.0,0.0254419778132,756192535.0,1000000000.0,0.756192535,1.0,0,-0.0017,-0.0257,-0.1834,2018-03-14 10:34:16,2018-03-14 10:38:41
achain,Achain,ACT,114,0.220609,5457100.0,101828862.0,0.0535908964592,461580723.0,1000000000.0,0.461580723,1000000000.0,0.461580723,-0.0039,-0.0244,-0.2611,2018-03-14 10:34:14,2018-03-14 10:38:41
gamecredits,GameCredits,GAME,115,1.54298,957480.0,99299021.0,0.00964239113697,64355352.0,64355352.0,1.0,84000000.0,0.766135142857,-0.0138,-0.0456,-0.2899,2018-03-14 10:34:04,2018-03-14 10:38:41
rlc,iExec RLC,RLC,116,1.23842,1488830.0,99161272.0,0.0150142285387,80070793.0,86999785.0,0.920356216972,1.0,0,0.0328,0.0532,0.0254,2018-03-14 10:34:10,2018-03-14 10:38:41
decentraland,Decentraland,MANA,117,0.0931975,10889100.0,97870563.0,0.11126021621,1050141509.0,2644403343.0,0.397118507576,1.0,0,-0.0011,0.0486,-0.1124,2018-03-14 10:34:14,2018-03-14 10:38:41
ignis,Ignis,IGNIS,118,0.126859,1988340.0,96557960.0,0.0205921914672,761143950.0,999449694.0,0.761563042712,999449694.0,0.761563042712,0.0074,0.0225,-0.1529,2018-03-14 10:34:18,2018-03-14 10:38:41
minexcoin,MinexCoin,MNX,119,27.7526,159076.0,96263500.0,0.00165250588229,3468630.0,5775035.0,0.600624931277,19000000.0,0.182559473684,-0.0441,-0.0271,0.0141,2018-03-14 10:34:16,2018-03-14 10:38:41
santiment,Santiment Network Token,SAN,120,1.53573,2394620.0,96229411.0,0.0248844919148,62660371.0,83337000.0,0.75189136878,1.0,0,-0.0058,0.014,-0.1657,2018-03-14 10:34:12,2018-03-14 10:38:41
raiden-network-token,Raiden Network Token,RDN,121,1.89762,9060960.0,95201576.0,0.0951765756483,50168936.0,100000000.0,0.50168936,1.0,0,-0.004,-0.0139,-0.2288,2018-03-14 10:34:17,2018-03-14 10:38:41
theta-token,Theta Token,THETA,122,0.161689,8065520.0,95086671.0,0.0848228244314,588083732.0,1000000000.0,0.588083732,1.0,0,-0.0005,-0.0263,-0.1827,2018-03-14 10:34:20,2018-03-14 10:38:41
metal,Metal,MTL,123,4.2513,12842300.0,94559388.0,0.135812004198,22242464.0,66588888.0,0.334026662226,1.0,0,0.0105,-0.0016,-0.2131,2018-03-14 10:34:11,2018-03-14 10:38:41
aragon,Aragon,ANT,124,3.52189,286083.0,94054463.0,0.0030416738438,26705679.0,39609524.0,0.674223679133,1.0,0,-0.0021,0.0136,-0.2489,2018-03-14 10:34:10,2018-03-14 10:38:41
skycoin,Skycoin,SKY,125,11.8561,512472.0,91647700.0,0.00559176062247,7730004.0,25000000.0,0.30920016,100000000.0,0.07730004,0.0523,0.0777,-0.1664,2018-03-14 10:34:10,2018-03-14 10:38:41
paypie,PayPie,PPP,126,1.05837,165630.0,87315525.0,0.00189691352139,82500000.0,165000000.0,0.5,165000000.0,0.5,-0.0233,-0.052,-0.0531,2018-03-14 10:34:15,2018-03-14 10:38:41
poet,Po.et,POE,127,0.0382885,4150700.0,85644252.0,0.0484644316819,2236813969.0,3141592653.0,0.71200000002,1.0,0,0.0006,0.1296,-0.1493,2018-03-14 10:34:13,2018-03-14 10:38:41
dynamic-trading-rights,Dynamic Trading Rights,DTR,128,0.072016,47747.3,85643512.0,0.000557512167413,1189228953.0,3750000000.0,0.3171277208,1.0,0,-0.001,0.0628,-0.1567,2018-03-14 10:34:18,2018-03-14 10:38:41
salus,SaluS,SLS,129,82.5054,5172460.0,83350001.0,0.0620571078337,1010237.0,1010237.0,1.0,1.0,0,-0.0262,-0.0275,-0.0249,2018-03-14 10:34:06,2018-03-14 10:38:41
nav-coin,NavCoin,NAV,130,1.32817,578001.0,83094650.0,0.00695593518957,62563263.0,62563263.0,1.0,1.0,0,0.0012,-0.0176,-0.2068,2018-03-14 10:34:04,2018-03-14 10:38:41
credits,Credits,CS,131,0.594576,1785400.0,81067946.0,0.0220235011258,136345809.0,249471071.0,0.546539558489,1.0,0,0.0088,0.0684,-0.2521,2018-03-14 10:34:21,2018-03-14 10:38:41
ubiq,Ubiq,UBQ,132,2.01803,283053.0,80658043.0,0.00350929664882,39968704.0,39968704.0,1.0,1.0,0,-0.0115,-0.0326,-0.2819,2018-03-14 10:34:04,2018-03-14 10:38:41
digitalnote,DigitalNote,XDN,133,0.0114749,3560510.0,79144517.0,0.0449874499834,6897185789.0,6897185789.0,1.0,1.0,0,0.0093,0.0114,-0.2478,2018-03-14 10:34:03,2018-03-14 10:38:41
einsteinium,Einsteinium,EMC2,134,0.354378,41704900.0,76764866.0,0.543281089034,216618598.0,216618598.0,1.0,1.0,0,-0.0337,0.6729,0.2404,2018-03-14 10:34:02,2018-03-14 10:38:41
wax,WAX,WAX,135,0.154932,6174540.0,76374432.0,0.0808456421646,492954537.0,1850000000.0,0.266461911892,1.0,0,-0.0168,-0.1161,-0.4153,2018-03-14 10:34:18,2018-03-14 10:38:41
zencash,ZenCash,ZEN,136,22.3489,707463.0,76206955.0,0.00928344401111,3409875.0,3409875.0,1.0,21000000.0,0.162375,-0.0152,0.0196,-0.3226,2018-03-14 10:34:11,2018-03-14 10:38:41
arcblock,Arcblock,ABT,137,0.824627,14051500.0,76093873.0,0.18466007112,92276718.0,186000000.0,0.496111387097,1.0,0,0.0009,-0.0029,-0.1879,2018-03-14 10:34:21,2018-03-14 10:38:41
blockv,BLOCKv,VEE,138,0.0488201,663971.0,72984644.0,0.00909740684629,1494971209.0,3646271241.0,0.410000000052,1.0,0,0.0469,-0.0063,-0.1585,2018-03-14 10:34:17,2018-03-14 10:38:41
bridgecoin,BridgeCoin,BCO,139,2.68029,29952.3,72367830.0,0.000413889707623,27000000.0,27000000.0,1.0,27000000.0,1.0,-0.0108,0.0117,-0.1002,2018-03-14 10:34:15,2018-03-14 10:38:41
nuls,Nuls,NULS,140,3.05387,5343520.0,71964087.0,0.0742525921297,23564882.0,40000000.0,0.58912205,1.0,0,-0.0199,-0.0765,-0.2441,2018-03-14 10:34:15,2018-03-14 10:38:41
high-performance-blockchain,High Performance Blockchain,HPB,141,3.19139,3761720.0,70901835.0,0.0530553264242,22216600.0,100000000.0,0.222166,1.0,0,-0.0083,0.064,-0.1982,2018-03-14 10:34:18,2018-03-14 10:38:41
time-new-bank,Time New Bank,TNB,142,0.031174,6423560.0,70503716.0,0.0911095239292,2261619182.0,5541877892.0,0.408096177158,1.0,0,-0.0067,0.0722,-0.2377,2018-03-14 10:34:17,2018-03-14 10:38:41
asch,Asch,XAS,143,0.752865,1491620.0,70283961.0,0.0212227651768,93355331.0,114855331.0,0.812807992343,1.0,0,-0.0019,0.016,-0.1694,2018-03-14 10:34:10,2018-03-14 10:38:41
edgeless,Edgeless,EDG,144,0.849477,663345.0,69696424.0,0.00951763321458,82046276.0,132046997.0,0.621341475869,1.0,0,0.001,0.0397,-0.0475,2018-03-14 10:34:10,2018-03-14 10:38:41
dew,DEW,DEW,145,0.666887,100728.0,68852450.0,0.00146295447729,103244553.0,200000000.0,0.516222765,1.0,0,0.0403,0.04,-0.0794,2018-03-14 10:34:18,2018-03-14 10:38:41
oyster,Oyster,PRL,146,0.963296,455032.0,68651145.0,0.00662817786943,71266926.0,98592692.0,0.722841871485,1.0,0,-0.009,0.0051,-0.1365,2018-03-14 10:34:16,2018-03-14 10:38:41
sophiatx,SophiaTX,SPHTX,147,0.354692,101342.0,68013529.0,0.00149002707976,191753771.0,350000000.0,0.547867917143,1.0,0,-0.022,-0.0222,-0.2409,2018-03-14 10:34:18,2018-03-14 10:38:41
fusion,Fusion,FSN,148,2.45608,343142.0,67758826.0,0.00506416684374,27588200.0,57344000.0,0.481100027902,1.0,0,0.0082,0.001,-0.2034,2018-03-14 10:34:20,2018-03-14 10:38:41
pura,Pura,PURA,149,0.388569,495544.0,67251969.0,0.00736846827488,173076001.0,179858495.0,0.962289832348,350000000.0,0.49450286,-0.0054,-0.0455,-0.3379,2018-03-14 10:34:04,2018-03-14 10:38:41
genaro-network,Genaro Network,GNX,150,0.282175,2983810.0,66587139.0,0.0448106052432,235978168.0,675000000.0,0.349597285926,1.0,0,0.0021,0.0537,-0.1099,2018-03-14 10:34:18,2018-03-14 10:38:41
spacechain,SpaceChain,SPC,151,0.127347,108120.0,65582649.0,0.00164860678318,514991707.0,1000000000.0,0.514991707,1.0,0,-0.0014,-0.1274,0.024,2018-03-14 10:34:19,2018-03-14 10:38:41
adx-net,AdEx,ADX,152,0.883593,8985950.0,64882853.0,0.138494988807,73430701.0,100000000.0,0.73430701,100000000.0,0.73430701,0.0027,-0.0198,-0.2033,2018-03-14 10:34:12,2018-03-14 10:38:41
envion,Envion,EVN,153,0.604749,109084.0,64720124.0,0.00168547266689,107019812.0,127618703.0,0.838590343611,1.0,0,0.0112,0.0005,0.0351,2018-03-14 10:34:20,2018-03-14 10:38:41
medibloc,MediBloc,MED,154,0.0216304,1041900.0,64164075.0,0.0162380584463,2966384100.0,4097545844.0,0.723941650182,10000000000.0,0.29663841,0.0045,0.0259,-0.2511,2018-03-14 10:34:18,2018-03-14 10:38:41
ethlend,ETHLend,LEND,155,0.0593497,4292880.0,64124569.0,0.0669459470363,1080453124.0,1299999942.0,0.831117824773,1.0,0,-0.0071,0.0177,-0.2112,2018-03-14 10:34:17,2018-03-14 10:38:41
ion,ION,ION,156,3.09168,732101.0,62922975.0,0.0116348758144,20352357.0,26252357.0,0.775258274905,1.0,0,-0.007,0.0048,-0.1356,2018-03-14 10:34:07,2018-03-14 10:38:41
poa-network,POA Network,POA,157,0.350539,2358250.0,61948149.0,0.0380681269427,176722560.0,252193195.0,0.700742777774,1.0,0,-0.0115,-0.022,-0.1242,2018-03-14 10:34:21,2018-03-14 10:38:41
c20,CRYPTO20,C20,158,1.56638,2626360.0,61910703.0,0.0424217441046,39524702.0,40656082.0,0.972171937276,1.0,0,0.0002,0.0047,-0.1519,2018-03-14 10:34:20,2018-03-14 10:38:41
bluzelle,Bluzelle,BLZ,159,0.373956,3551580.0,61702740.0,0.0575595184266,165000000.0,500000000.0,0.33,1.0,0,-0.0002,0.0129,-0.1595,2018-03-14 10:34:21,2018-03-14 10:38:41
telcoin,Telcoin,TEL,160,0.00218308,390819.0,60480389.0,0.00646191280284,27704156105.0,1e+11,0.27704156105,1.0,0,-0.0213,-0.0193,-0.2564,2018-03-14 10:34:19,2018-03-14 10:38:41
feathercoin,Feathercoin,FTC,161,0.309051,846420.0,60125143.0,0.0140776380357,194547640.0,194547640.0,1.0,336000000.0,0.579010833333,-0.0118,0.1145,0.1935,2018-03-14 10:34:01,2018-03-14 10:38:41
experience-points,Experience Points,XP,162,0.000273139,207175.0,59944614.0,0.00345610699904,2.19465599359e+11,2.54279059631e+11,0.863089550817,1.0,0,0.0066,0.0564,-0.2191,2018-03-14 10:34:08,2018-03-14 10:38:41
bibox-token,Bibox Token,BIX,163,0.566266,3998000.0,59672016.0,0.0669995798366,105378066.0,271520349.0,0.388103751296,1.0,0,-0.0027,0.0133,-0.1249,2018-03-14 10:34:18,2018-03-14 10:38:41
simple-token,Simple Token,OST,164,0.202482,2184160.0,58419247.0,0.0373876780712,288515753.0,800000000.0,0.36064469125,1.0,0,0.0127,0.0166,-0.2763,2018-03-14 10:34:18,2018-03-14 10:38:41
sonm,SONM,SNM,165,0.162273,994076.0,58353371.0,0.017035451131,359600000.0,444000000.0,0.80990990991,1.0,0,-0.0134,0.0274,-0.0851,2018-03-14 10:34:11,2018-03-14 10:38:41
bitbay,BitBay,BAY,166,0.0568923,297098.0,57465597.0,0.00517001502656,1010076886.0,1010076886.0,1.0,1.0,0,-0.0064,0.0155,-0.1943,2018-03-14 10:34:05,2018-03-14 10:38:41
spankchain,SpankChain,SPANK,167,0.18936,143905.0,56816216.0,0.00253281563137,300043386.0,1000000000.0,0.300043386,1.0,0,0.0033,0.006,-0.1495,2018-03-14 10:34:17,2018-03-14 10:38:41
jibrel-network,Jibrel Network,JNT,168,0.378026,2102940.0,56703900.0,0.0370863379768,150000000.0,200000000.0,0.75,1.0,0,0.0068,-0.0008,-0.123,2018-03-14 10:34:20,2018-03-14 10:38:41
vibe,VIBE,VIBE,169,0.281687,1185940.0,56313149.0,0.0210597350896,199913907.0,267000000.0,0.748741224719,1.0,0,-0.0137,-0.0015,-0.1709,2018-03-14 10:34:14,2018-03-14 10:38:41
amber,Ambrosus,AMB,170,0.386596,815774.0,55898293.0,0.014593898243,144590975.0,361477438.0,0.399999999447,1.0,0,0.0096,-0.005,-0.2176,2018-03-14 10:34:15,2018-03-14 10:38:41
medishares,MediShares,MDS,171,0.114559,4682580.0,55390635.0,0.0845373951752,483511857.0,2000000000.0,0.2417559285,1.0,0,0.0024,-0.0257,-0.3969,2018-03-14 10:34:18,2018-03-14 10:38:41
red-pulse,Red Pulse,RPX,172,0.0991166,1889950.0,53854856.0,0.0350933999341,543348500.0,1358371250.0,0.4,1.0,0,0.0084,-0.025,-0.3094,2018-03-14 10:34:16,2018-03-14 10:38:41
quantum-resistant-ledger,Quantum Resistant Ledger,QRL,173,1.03157,338158.0,53641640.0,0.0063040205333,52000000.0,65000000.0,0.8,105000000.0,0.495238095238,-0.0007,-0.0067,-0.2629,2018-03-14 10:34:11,2018-03-14 10:38:41
peercoin,Peercoin,PPC,174,2.1574,830969.0,53190916.0,0.0156223855968,24655101.0,24655101.0,1.0,1.0,0,-0.0102,-0.0615,-0.205,2018-03-14 10:34:01,2018-03-14 10:38:41
streamr-datacoin,Streamr DATAcoin,DATA,175,0.0779284,176369.0,52769568.0,0.00334224832009,677154514.0,987154514.0,0.685966081699,1.0,0,0.0095,-0.0098,-0.0935,2018-03-14 10:34:16,2018-03-14 10:38:41
wings,Wings,WINGS,176,0.587397,2303670.0,52694406.0,0.043717543756,89708333.0,100000000.0,0.89708333,1.0,0,-0.0047,-0.0485,-0.1911,2018-03-14 10:34:09,2018-03-14 10:38:41
origintrail,OriginTrail,TRAC,177,0.204321,447854.0,52001248.0,0.00861237022619,254507606.0,500000000.0,0.509015212,1.0,0,-0.0014,0.0542,-0.0013,2018-03-14 10:34:20,2018-03-14 10:38:41
ripio-credit-network,Ripio Credit Network,RCN,178,0.10563,6162020.0,51624868.0,0.119361467423,488733009.0,999942647.0,0.488761040912,1.0,0,0.0028,-0.0059,-0.2696,2018-03-14 10:34:16,2018-03-14 10:38:41
burst,Burst,BURST,179,0.0285992,533828.0,51488279.0,0.0103679518983,1800339818.0,1800339818.0,1.0,2158812800.0,0.833949019572,-0.0117,-0.0113,-0.1924,2018-03-14 10:34:04,2018-03-14 10:38:41
melon,Melon,MLN,180,84.8674,278072.0,50869520.0,0.00546637750857,599400.0,749400.0,0.799839871898,1.0,0,-0.0009,-0.0012,-0.2766,2018-03-14 10:34:10,2018-03-14 10:38:41
eidoo,Eidoo,EDO,181,1.73394,828014.0,50737618.0,0.0163195284414,29261461.0,90208328.0,0.324376492157,1.0,0,0.0016,0.0215,-0.2544,2018-03-14 10:34:15,2018-03-14 10:38:41
iot-chain,IoT Chain,ITC,182,1.02845,7862460.0,49985374.0,0.157295211995,48602629.0,100000000.0,0.48602629,1.0,0,-0.018,-0.0234,-0.3166,2018-03-14 10:34:17,2018-03-14 10:38:41
wagerr,Wagerr,WGR,183,0.272289,40129.2,49828887.0,0.000805340083153,183000000.0,198360471.0,0.922562842674,200000000.0,0.915,-0.0033,0.0092,-0.2227,2018-03-14 10:34:12,2018-03-14 10:38:41
deepbrain-chain,DeepBrain Chain,DBC,184,0.0543187,2928890.0,48886830.0,0.0599116367332,900000000.0,10000000000.0,0.09,10000000000.0,0.09,-0.0134,0.0313,-0.2676,2018-03-14 10:34:18,2018-03-14 10:38:41
html-coin,HTMLCOIN,HTML,185,0.000737676,153744.0,48410749.0,0.00317582361719,65626032185.0,93968272754.0,0.698385000188,1.0,0,0.0857,0.0491,-0.125,2018-03-14 10:34:18,2018-03-14 10:38:41
xtrabytes,XTRABYTES,XBY,186,0.111507,146040.0,47948010.0,0.00304579898102,430000000.0,650000000.0,0.661538461538,650000000.0,0.661538461538,0.0014,0.0872,-0.1529,2018-03-14 10:34:10,2018-03-14 10:38:41
universa,Universa,UTNP,187,0.02822,226450.0,47928544.0,0.00472474189911,1698389232.0,4997891952.0,0.339821118246,1.0,0,0.0068,0.033,-0.183,2018-03-14 10:34:20,2018-03-14 10:38:41
utrust,UTRUST,UTK,188,0.166622,1500180.0,47634776.0,0.0314933778633,285885273.0,500000000.0,0.571770546,1.0,0,-0.0103,0.0031,-0.1679,2018-03-14 10:34:18,2018-03-14 10:38:41
ink,Ink,INK,189,0.101072,21203700.0,46888365.0,0.452216663985,463910527.0,1000000000.0,0.463910527,1000000000.0,0.463910527,-0.0018,-0.0292,-0.2696,2018-03-14 10:34:16,2018-03-14 10:38:41
blockmason,BlockMason Credit Protocol,BCPT,190,0.672368,5130250.0,46808360.0,0.109601148171,69617174.0,116158667.0,0.599328279137,1.0,0,-0.0046,-0.0203,-0.2863,2018-03-14 10:34:15,2018-03-14 10:38:41
singulardtv,SingularDTV,SNGLS,191,0.0774943,652446.0,46496580.0,0.0140321288146,600000000.0,1000000000.0,0.6,1.0,0,-0.0031,0.0052,-0.2054,2018-03-14 10:34:08,2018-03-14 10:38:41
ins-ecosystem,INS Ecosystem,INS,192,1.64732,9300900.0,46138104.0,0.201588257723,28007979.0,50000000.0,0.56015958,1.0,0,0.0145,0.023,-0.1422,2018-03-14 10:34:19,2018-03-14 10:38:41
mobilego,MobileGo,MGO,193,0.469163,165066.0,45991522.0,0.00358905278238,98028877.0,100000000.0,0.98028877,1.0,0,0.0049,0.0092,-0.226,2018-03-14 10:34:11,2018-03-14 10:38:41
smartmesh,SmartMesh,SMT,194,0.0323577,3711870.0,45744621.0,0.0811433108168,1413716694.0,3141592653.0,0.450000000048,1.0,0,0.0108,0.0136,-0.3009,2018-03-14 10:34:18,2018-03-14 10:38:41
library-credit,LBRY Credits,LBC,195,0.296241,1173920.0,45589328.0,0.025749886026,153892701.0,528792704.0,0.291026521047,1.0,0,-0.0144,0.0347,-0.3731,2018-03-14 10:34:07,2018-03-14 10:38:41
cloakcoin,CloakCoin,CLOAK,196,8.92211,554677.0,45549117.0,0.0121775576901,5105196.0,5105196.0,1.0,1.0,0,0.0241,-0.0138,-0.3383,2018-03-14 10:34:03,2018-03-14 10:38:41
taas,TaaS,TAAS,197,5.5313,242897.0,45057974.0,0.00539076612721,8146001.0,8146001.0,1.0,1.0,0,-0.0002,0.0237,-0.1347,2018-03-14 10:34:10,2018-03-14 10:38:41
bread,Bread,BRD,198,0.597158,720267.0,44421628.0,0.0162143314513,74388400.0,88862718.0,0.837115965775,1.0,0,-0.0098,-0.0188,-0.2136,2018-03-14 10:34:18,2018-03-14 10:38:41
counterparty,Counterparty,XCP,199,16.5073,357740.0,43200364.0,0.00828094874386,2617046.0,2617046.0,1.0,1.0,0,-0.0112,-0.0349,-0.1903,2018-03-14 10:34:02,2018-03-14 10:38:41
metaverse,Metaverse ETP,ETP,200,1.14055,1183270.0,42858097.0,0.0276090186645,37576693.0,56976693.0,0.659509898196,100000000.0,0.37576693,0.0023,-0.0077,-0.2252,2018-03-14 10:34:11,2018-03-14 10:38:41
wabi,WaBi,WABI,201,0.946113,791116.0,42809752.0,0.0184798080587,45248033.0,99218023.0,0.456046508808,1.0,0,0.0005,-0.0135,-0.2326,2018-03-14 10:34:17,2018-03-14 10:38:41
appcoins,AppCoins,APPC,202,0.422299,2255470.0,42252836.0,0.0533803222108,100054312.0,246203093.0,0.40638933809,1.0,0,0.0049,-0.0092,-0.263,2018-03-14 10:34:18,2018-03-14 10:38:41
wepower,WePower,WPR,203,0.118211,3473680.0,42047151.0,0.0826139207386,355695760.0,745248183.0,0.477284974474,1.0,0,-0.0043,0.0084,-0.26,2018-03-14 10:34:21,2018-03-14 10:38:41
kickico,KickCoin,KICK,204,0.0941935,2180170.0,41900963.0,0.0520315010421,444839223.0,477822602.0,0.930971496823,1.0,0,-0.0042,0.0893,0.1411,2018-03-14 10:34:14,2018-03-14 10:38:41
cybermiles,CyberMiles,CMT,205,0.0940599,5254140.0,41875257.0,0.125471229944,445197759.0,1000000000.0,0.445197759,1.0,0,0.0029,0.0074,-0.2957,2018-03-14 10:34:17,2018-03-14 10:38:41
airswap,AirSwap,AST,206,0.27458,9306380.0,41187000.0,0.22595430597,150000000.0,500000000.0,0.3,1.0,0,-0.0036,-0.0295,-0.2831,2018-03-14 10:34:15,2018-03-14 10:38:41
viacoin,Viacoin,VIA,207,1.7894,2591190.0,41152644.0,0.062965334621,22998013.0,22998013.0,1.0,23000000.0,0.999913608696,0.0027,-0.03,-0.2683,2018-03-14 10:34:04,2018-03-14 10:38:41
naga,NAGA,NGC,208,0.712782,204259.0,41107804.0,0.00496886187353,57672338.0,77910266.0,0.740240548017,1.0,0,0.0031,0.0837,-0.1795,2018-03-14 10:34:18,2018-03-14 10:38:41
etherparty,Etherparty,FUEL,209,0.0845563,620708.0,41027753.0,0.0151289786696,485212253.0,1000000000.0,0.485212253,1.0,0,-0.0055,0.0167,-0.2088,2018-03-14 10:34:15,2018-03-14 10:38:41
gulden,Gulden,NLG,210,0.10364,151596.0,40808768.0,0.00371478991966,393755000.0,465255000.0,0.846320834811,1.0,0,0.0031,-0.0127,-0.2681,2018-03-14 10:34:02,2018-03-14 10:38:41
data,DATA,DTA,211,0.00942359,4617840.0,40091125.0,0.115183597367,4254336773.0,11500000000.0,0.369942328087,1.0,0,-0.0107,-0.0097,-0.4085,2018-03-14 10:34:20,2018-03-14 10:38:41
groestlcoin,Groestlcoin,GRS,212,0.573815,2006780.0,39946658.0,0.0502364928751,69615919.0,69615919.0,1.0,105000000.0,0.663008752381,-0.0336,0.082,-0.1212,2018-03-14 10:34:03,2018-03-14 10:38:41
modum,Modum,MOD,213,2.16342,385258.0,39517462.0,0.00974905726486,18266200.0,27266200.0,0.669921001093,27266200.0,0.669921001093,0.0041,0.0094,-0.1373,2018-03-14 10:34:15,2018-03-14 10:38:41
gifto,Gifto,GTO,214,0.247723,2220190.0,39105881.0,0.0567738136369,157861327.0,1000000000.0,0.157861327,1.0,0,0.0011,0.0023,-0.2552,2018-03-14 10:34:18,2018-03-14 10:38:41
delphy,Delphy,DPY,215,1.04264,5746460.0,38710003.0,0.148448968087,37126912.0,100000000.0,0.37126912,1.0,0,-0.0024,0.0119,-0.3797,2018-03-14 10:34:16,2018-03-14 10:38:41
mobius,Mobius,MOBI,216,0.102669,183478.0,38671049.0,0.00474458295662,376657502.0,887990859.0,0.424168219957,1.0,0,-0.0024,0.0032,-0.2193,2018-03-14 10:34:19,2018-03-14 10:38:41
tierion,Tierion,TNT,217,0.0899682,9692110.0,38549689.0,0.251418630122,428481269.0,1000000000.0,0.428481269,1.0,0,-0.005,0.2237,-0.0872,2018-03-14 10:34:14,2018-03-14 10:38:41
trinity-network-credit,Trinity Network Credit,TNC,218,0.115086,2081720.0,38362000.0,0.0542651582295,333333333.0,1000000000.0,0.333333333,1.0,0,0.0144,0.0612,-0.1636,2018-03-14 10:34:19,2018-03-14 10:38:41
district0x,district0x,DNT,219,0.0621777,715046.0,37306620.0,0.0191667323387,600000000.0,1000000000.0,0.6,1.0,0,0.0003,0.0455,-0.2354,2018-03-14 10:34:13,2018-03-14 10:38:41
crypterium,Crypterium,CRPT,220,0.511752,45133.6,37246118.0,0.00121176655242,72781577.0,99983577.0,0.727935318817,1.0,0,0.0663,0.18,0.0221,2018-03-14 10:34:20,2018-03-14 10:38:41
cobinhood,Cobinhood,COB,221,0.103757,180812.0,37180752.0,0.00486305387261,358344512.0,1000000000.0,0.358344512,1.0,0,-0.0212,0.0665,-0.3469,2018-03-14 10:34:15,2018-03-14 10:38:41
synereo,Synereo,AMP,222,0.361389,2749280.0,36402195.0,0.0755251159992,100728564.0,622410799.0,0.161836144491,1.0,0,0.0676,0.0891,-0.2261,2018-03-14 10:34:06,2018-03-14 10:38:41
aeon,Aeon,AEON,223,2.28715,80473.0,35668201.0,0.0022561552796,15595042.0,15595042.0,1.0,1.0,0,-0.0138,0.033,-0.296,2018-03-14 10:34:05,2018-03-14 10:38:41
lunyr,Lunyr,LUN,224,15.4768,1211920.0,35563413.0,0.0340777191435,2297853.0,2703356.0,0.850000147964,1.0,0,-0.0139,-0.0029,-0.1943,2018-03-14 10:34:10,2018-03-14 10:38:41
decision-token,Decision Token,HST,225,1.11648,137077.0,35502992.0,0.00386099853218,31799040.0,48240070.0,0.659183123076,1.0,0,0.0266,-0.0593,-0.3256,2018-03-14 10:34:17,2018-03-14 10:38:41
centra,Centra,CTR,226,0.518392,6385670.0,35250656.0,0.181150387669,68000000.0,98272765.0,0.691951630749,1.0,0,0.0042,0.1276,-0.1224,2018-03-14 10:34:13,2018-03-14 10:38:41
potcoin,PotCoin,POT,227,0.156639,120930.0,34390460.0,0.00351638215947,219552348.0,219552348.0,1.0,420000000.0,0.522743685714,0.0202,0.2547,0.0101,2018-03-14 10:34:02,2018-03-14 10:38:41
adtoken,adToken,ADT,228,0.0568813,621400.0,34128780.0,0.018207506978,600000000.0,1000000000.0,0.6,1000000000.0,0.6,0.0097,-0.0152,-0.2534,2018-03-14 10:34:12,2018-03-14 10:38:41
rock,Rock,RKT,229,0.143931,452573.0,34095838.0,0.0132735555583,236890166.0,900000000.0,0.263211295556,1.0,0,0.0003,0.0094,-0.1557,2018-03-14 10:34:21,2018-03-14 10:38:41
game,Game.com,GTC,230,0.0621195,741976.0,34002361.0,0.0218213082321,547370158.0,2000000000.0,0.273685079,1.0,0,-0.0006,0.0086,-0.2,2018-03-14 10:34:18,2018-03-14 10:38:41
crown,Crown,CRW,231,1.93343,45760.3,33955056.0,0.00134767264115,17562082.0,17562082.0,1.0,42000000.0,0.418144809524,-0.0083,-0.0581,-0.2126,2018-03-14 10:34:04,2018-03-14 10:38:41
qlink,QLINK,QLC,232,0.140388,214731.0,33693120.0,0.00637314086674,240000000.0,600000000.0,0.4,1.0,0,-0.0097,0.0498,-0.0388,2018-03-14 10:34:18,2018-03-14 10:38:41
bottos,Bottos,BTO,233,0.0942511,363704.0,33498683.0,0.0108572626572,355419546.0,1000000000.0,0.355419546,1.0,0,-0.0131,0.0022,-0.2527,2018-03-14 10:34:19,2018-03-14 10:38:41
refereum,Refereum,RFR,234,0.0142527,3324430.0,33196522.0,0.100143924716,2329139147.0,5000000000.0,0.4658278294,1.0,0,-0.0078,-0.1336,-0.0183,2018-03-14 10:34:21,2018-03-14 10:38:41
bankex,Bankex,BKX,235,0.470007,787967.0,32458786.0,0.0242759233201,69060218.0,400000000.0,0.172650545,1.0,0,0.0009,0.0087,-0.2374,2018-03-14 10:34:19,2018-03-14 10:38:41
humaniq,Humaniq,HMQ,236,0.195302,398913.0,31807459.0,0.012541492233,162862944.0,184194944.0,0.884187917775,920952070.0,0.176841932719,-0.0068,-0.0441,-0.2118,2018-03-14 10:34:11,2018-03-14 10:38:41
bitcny,bitCNY,BITCNY,237,0.178238,17489600.0,31655425.0,0.552499295145,177602000.0,177602000.0,1.0,1.0,0,-0.0021,0.0143,0.0622,2018-03-14 10:34:05,2018-03-14 10:38:41
decent,DECENT,DCT,238,0.615215,548096.0,31564276.0,0.0173644407367,51306089.0,73197775.0,0.700924160605,1.0,0,-0.009,0.0078,-0.226,2018-03-14 10:34:09,2018-03-14 10:38:41
mercury,Mercury,MER,239,0.315207,12032800.0,31520700.0,0.381742791245,100000000.0,100000000.0,1.0,1.0,0,-0.0179,0.197,-0.0388,2018-03-14 10:34:10,2018-03-14 10:38:41
hive-project,Hive Project,HVN,240,0.0839629,74324.5,31486087.0,0.00236055055047,375000000.0,500000000.0,0.75,1.0,0,-0.0221,-0.0144,-0.1199,2018-03-14 10:34:14,2018-03-14 10:38:41
unobtanium,Unobtanium,UNO,241,158.383,6013.36,31414410.0,0.000191420434126,198345.0,198345.0,1.0,1.0,0,-0.003,-0.0082,-0.073,2018-03-14 10:34:14,2018-03-14 10:38:41
paragon,Paragon,PRG,242,0.483547,286254.0,31399902.0,0.0091163978792,64936607.0,164936607.0,0.39370645596,1.0,0,0.0706,0.6538,1.0432,2018-03-14 10:34:15,2018-03-14 10:38:41
presearch,Presearch,PRE,243,0.202187,22571.7,31338985.0,0.000720243492251,155000000.0,170000000.0,0.911764705882,1000000000.0,0.155,-0.0009,0.0338,-0.1473,2018-03-14 10:34:17,2018-03-14 10:38:41
cpchain,CPChain,CPC,244,0.137922,3027290.0,31269104.0,0.096814094833,226715852.0,999999999.0,0.226715852227,1.0,0,-0.0026,-0.0162,-0.327,2018-03-14 10:34:20,2018-03-14 10:38:41
ucash,U.CASH,UCASH,245,0.0168942,7968.03,31164367.0,0.000255677582028,1844678441.0,21000000000.0,0.0878418305238,21000000000.0,0.0878418305238,-0.0048,0.0537,-0.2525,2018-03-14 10:34:20,2018-03-14 10:38:41
bean-cash,Bean Cash,BITB,246,0.0129049,8751850.0,31084949.0,0.281546223544,2408771000.0,2408771000.0,1.0,50000000000.0,0.04817542,-0.0118,0.09,-0.0099,2018-03-14 10:34:05,2018-03-14 10:38:41
steem-dollars,Steem Dollars,SBD,247,2.88491,6558370.0,30588268.0,0.214408020748,10602850.0,10602850.0,1.0,1.0,0,0.0119,0.0904,-0.1611,2018-03-14 10:34:07,2018-03-14 10:38:41
mooncoin,Mooncoin,MOON,248,0.000136221,8168.31,30476771.0,0.000268017566559,2.23730343839e+11,2.23730343839e+11,1.0,1.0,0,0.1377,0.3683,0.1433,2018-03-14 10:34:02,2018-03-14 10:38:41
viberate,Viberate,VIB,249,0.184451,4791910.0,30465120.0,0.157291683079,165166467.0,200000000.0,0.825832335,1.0,0,-0.0039,-0.0044,-0.2419,2018-03-14 10:34:15,2018-03-14 10:38:41
cofound-it,Cofound.it,CFI,250,0.093581,1650120.0,30413825.0,0.0542555893578,325000000.0,500000000.0,0.65,1.0,0,0.0041,-0.0561,-0.2759,2018-03-14 10:34:11,2018-03-14 10:38:41
tokencard,TokenCard,TKN,251,1.21716,160408.0,30171510.0,0.00531653868169,24788450.0,39406760.0,0.629040550403,1.0,0,-0.0119,-0.0456,-0.2163,2018-03-14 10:34:11,2018-03-14 10:38:41
blox,Blox,CDT,252,0.0458768,547663.0,30103119.0,0.018192898882,656173039.0,1000000000.0,0.656173039,1.0,0,-0.0042,-0.003,-0.2553,2018-03-14 10:34:12,2018-03-14 10:38:41
triggers,Triggers,TRIG,253,0.931357,1200030.0,29901754.0,0.0401324283519,32105578.0,32105578.0,1.0,1.0,0,0.0142,-0.0151,-0.2726,2018-03-14 10:34:08,2018-03-14 10:38:41
attention-token-of-media,ATMChain,ATM,254,0.00635576,722939.0,29619656.0,0.0244074070273,4660285460.0,10000000000.0,0.466028546,1.0,0,0.0904,-0.0086,-0.1363,2018-03-14 10:34:15,2018-03-14 10:38:41
unikoin-gold,Unikoin Gold,UKG,255,0.210696,388394.0,29592423.0,0.0131247785962,140450804.0,1000000000.0,0.140450804,1.0,0,-0.0014,-0.0406,-0.3422,2018-03-14 10:34:16,2018-03-14 10:38:41
lykke,Lykke,LKK,256,0.106144,113330.0,29496737.0,0.00384211989279,277893584.0,1285690000.0,0.216143536933,1.0,0,-0.0009,0.1481,0.0138,2018-03-14 10:34:09,2018-03-14 10:38:41
indahash,indaHash,IDH,257,0.0736118,189756.0,29440028.0,0.00644551017411,399936259.0,400000000.0,0.9998406475,1.0,0,-0.0722,-0.0815,-0.2337,2018-03-14 10:34:20,2018-03-14 10:38:41
voxels,Voxels,VOX,258,0.139896,5892500.0,29378160.0,0.200574168021,210000000.0,210000000.0,1.0,210000000.0,1.0,-0.0186,0.1479,-0.034,2018-03-14 10:34:06,2018-03-14 10:38:41
sibcoin,SIBCoin,SIB,259,1.74438,130411.0,28782968.0,0.00453083921019,16500400.0,16500400.0,1.0,1.0,0,-0.0199,-0.0326,-0.2296,2018-03-14 10:34:06,2018-03-14 10:38:41
medical-chain,Medicalchain,MTN,260,0.154259,12602000.0,28537915.0,0.441587971651,185000000.0,500000000.0,0.37,1.0,0,-0.0011,-0.0303,-0.2783,2018-03-14 10:34:20,2018-03-14 10:38:41
shift,Shift,SHIFT,261,2.41507,427597.0,28533051.0,0.0149860244528,11814585.0,11814585.0,1.0,1.0,0,0.0223,-0.0787,-0.3196,2018-03-14 10:34:06,2018-03-14 10:38:41
namecoin,Namecoin,NMC,262,1.93277,260294.0,28482072.0,0.00913887163827,14736400.0,14736400.0,1.0,1.0,0,-0.0016,-0.0077,-0.1167,2018-03-14 10:34:01,2018-03-14 10:38:41
datum,Datum,DAT,263,0.0341827,1783340.0,28417294.0,0.0627554474399,831335545.0,2653841598.0,0.313257409797,1.0,0,-0.0026,-0.0249,-0.2139,2018-03-14 10:34:18,2018-03-14 10:38:41
soarcoin,Soarcoin,SOAR,264,0.0258038,41523.2,27892969.0,0.00148866189182,1080963623.0,5000000000.0,0.2161927246,5000000000.0,0.2161927246,-0.0139,0.0103,-0.0456,2018-03-14 10:34:10,2018-03-14 10:38:41
pepe-cash,Pepe Cash,PEPECASH,265,0.0395831,73418.7,27782745.0,0.00264260065015,701884009.0,701884009.0,1.0,1.0,0,-0.0071,-0.0145,-0.1746,2018-03-14 10:34:08,2018-03-14 10:38:41
eccoin,ECC,ECC,266,0.00111092,17292.4,27773000.0,0.000622633492961,25000000000.0,25000000000.0,1.0,25000000000.0,1.0,-0.0036,-0.0035,-0.2766,2018-03-14 10:34:02,2018-03-14 10:38:41
safe-exchange-coin,Safe Exchange Coin,SAFEX,267,0.0174662,22007.8,26953099.0,0.00081652206301,1543157590.0,2147483647.0,0.718588750213,2147483647.0,0.718588750213,-0.0033,-0.0221,-0.2571,2018-03-14 10:34:06,2018-03-14 10:38:41
swarm-fund,Swarm,SWM,268,0.525806,14203.6,26875709.0,0.000528492104152,51113355.0,100000000.0,0.51113355,1.0,0,0.0012,0.0956,-0.1234,2018-03-14 10:34:21,2018-03-14 10:38:41
everex,Everex,EVX,269,1.62155,3147400.0,26755575.0,0.117635296569,16500000.0,25000000.0,0.66,1.0,0,-0.0042,-0.0095,-0.1613,2018-03-14 10:34:14,2018-03-14 10:38:41
leocoin,LEOcoin,LEO,270,0.267544,9688.71,26608935.0,0.000364114911025,99456296.0,107813715.0,0.92248278431,1000000000.0,0.099456296,0.0001,0.0575,-0.0156,2018-03-14 10:34:06,2018-03-14 10:38:41
blockport,Blockport,BPT,271,0.51013,180720.0,26517034.0,0.00681524185548,51980933.0,69434800.0,0.748629404852,1.0,0,-0.0017,-0.0108,-0.1512,2018-03-14 10:34:19,2018-03-14 10:38:41
zeepin,Zeepin,ZPT,272,0.0896832,302745.0,26351415.0,0.0114887568656,293827778.0,1000000000.0,0.293827778,1.0,0,0.0011,0.0029,-0.1582,2018-03-14 10:34:20,2018-03-14 10:38:41
iocoin,I/O Coin,IOC,273,1.58374,30948.7,26272596.0,0.00117798408654,16588957.0,16588957.0,1.0,1.0,0,-0.0077,-0.0413,-0.2652,2018-03-14 10:34:03,2018-03-14 10:38:41
swissborg,SwissBorg,CHSB,274,0.0451991,426081.0,26026597.0,0.0163709838824,575821133.0,1000000000.0,0.575821133,1.0,0,0.0073,0.1888,0.1608,2018-03-14 10:34:20,2018-03-14 10:38:41
zclassic,ZClassic,ZCL,275,7.36878,1982800.0,25875103.0,0.076629646653,3511450.0,3511450.0,1.0,21000000.0,0.167211904762,0.0057,-0.0899,-0.4367,2018-03-14 10:34:08,2018-03-14 10:38:41
spectre-dividend,Spectre.ai Dividend Token,SXDT,276,0.315078,47379.6,25859560.0,0.00183218894676,82073519.0,140270691.0,0.585108110717,1.0,0,-0.0338,0.0222,-0.24,2018-03-14 10:34:19,2018-03-14 10:38:41
numeraire,Numeraire,NMR,277,20.0588,1019330.0,25800760.0,0.0395077509345,1286256.0,2286256.0,0.562603662932,21000000.0,0.0612502857143,0.0197,-0.0004,-0.211,2018-03-14 10:34:11,2018-03-14 10:38:41
dimecoin,Dimecoin,DIME,278,4.781e-05,25724.8,25774215.0,0.000998082773811,5.3909674056e+11,5.3909674056e+11,1.0,1.0,0,0.0081,-0.0049,0.0374,2018-03-14 10:34:02,2018-03-14 10:38:41
whitecoin,WhiteCoin,XWC,279,0.1035,75648.4,25749570.0,0.00293785100101,248788115.0,248788115.0,1.0,1.0,0,-0.0174,-0.0115,-0.2069,2018-03-14 10:34:02,2018-03-14 10:38:41
flash,Flash,FLASH,280,0.0283021,43819.2,25471890.0,0.00172029637377,900000000.0,900000000.0,1.0,900000000.0,1.0,0.0051,-0.1059,-0.3363,2018-03-14 10:34:11,2018-03-14 10:38:41
nimiq,Nimiq,NET,281,2.42361,212065.0,25447905.0,0.00833329894936,10500000.0,10500000.0,1.0,1.0,0,-0.0177,0.0396,-0.1405,2018-03-14 10:34:12,2018-03-14 10:38:41
diamond,Diamond,DMD,282,9.43446,22335.4,25365798.0,0.000880532124398,2688633.0,2688633.0,1.0,4380000.0,0.613843150685,0.0199,0.0458,-0.1616,2018-03-14 10:34:02,2018-03-14 10:38:41
ormeus-coin,Ormeus Coin,ORME,283,1.43337,2715790.0,24409318.0,0.111260380155,17029321.0,200000000.0,0.085146605,1.0,0,-0.0122,-0.0472,-0.2085,2018-03-14 10:34:14,2018-03-14 10:38:41
zap,Zap,ZAP,284,0.220387,18812.9,23831637.0,0.000789408633574,108135403.0,520000000.0,0.207952698077,1.0,0,-0.0036,-0.0243,-0.1444,2018-03-14 10:34:19,2018-03-14 10:38:41
colossuscoinxt,ColossusCoinXT,COLX,285,0.00221965,30559.1,23805167.0,0.00128371710226,10724738924.0,10784272304.0,0.994479610833,1.0,0,0.0022,0.0783,-0.2435,2018-03-14 10:34:14,2018-03-14 10:38:41
suncontract,SunContract,SNC,286,0.20319,5049690.0,23392288.0,0.215869862751,115125192.0,122707503.0,0.93820825284,1.0,0,-0.0051,0.0372,-0.1842,2018-03-14 10:34:12,2018-03-14 10:38:41
vericoin,VeriCoin,VRC,287,0.755546,333195.0,23320562.0,0.0142876059333,30865841.0,30865841.0,1.0,1.0,0,-0.0187,-0.0352,-0.2501,2018-03-14 10:34:04,2018-03-14 10:38:41
coss,COSS,COSS,288,0.35812,951229.0,23294702.0,0.0408345640137,65047195.0,104000000.0,0.625453798077,200000000.0,0.325235975,-0.0031,0.0029,-0.2718,2018-03-14 10:34:14,2018-03-14 10:38:41
internet-node-token,Internet Node Token,INT,289,0.154917,704354.0,23237550.0,0.0303110267649,150000000.0,1000000000.0,0.15,1.0,0,-0.016,0.0023,-0.2275,2018-03-14 10:34:19,2018-03-14 10:38:41
monetha,Monetha,MTH,290,0.106049,384811.0,23018759.0,0.0167172782859,217057768.0,402400000.0,0.539407972167,1.0,0,-0.0024,0.001,-0.1741,2018-03-14 10:34:13,2018-03-14 10:38:41
blackcoin,BlackCoin,BLK,291,0.29415,228434.0,22567197.0,0.010122391363,76720031.0,76720031.0,1.0,1.0,0,-0.0014,0.0058,-0.2667,2018-03-14 10:34:03,2018-03-14 10:38:41
bloomtoken,Bloom,BLT,292,0.567968,782102.0,22432787.0,0.0348642368868,39496569.0,150000000.0,0.26331046,1.0,0,-0.0003,0.0016,-0.3023,2018-03-14 10:34:19,2018-03-14 10:38:41
domraider,DomRaider,DRT,293,0.0377934,63080.1,22354796.0,0.00282177032615,591500000.0,1300000000.0,0.455,1.0,0,-0.0028,0.131,0.1442,2018-03-14 10:34:15,2018-03-14 10:38:41
stk,STK,STK,294,0.0668307,2050830.0,22238217.0,0.0922209725717,332754517.0,500000000.0,0.665509034,1.0,0,0.0058,-0.0113,-0.2377,2018-03-14 10:34:20,2018-03-14 10:38:41
linkeye,LinkEye,LET,295,0.0368338,2884360.0,22100280.0,0.130512373599,600000000.0,1000000000.0,0.6,1.0,0,-0.0106,0.0161,-0.2652,2018-03-14 10:34:19,2018-03-14 10:38:41
grid,Grid+,GRID,296,0.562123,29537.3,22055734.0,0.00133921183489,39236491.0,300000000.0,0.130788303333,1.0,0,-0.0002,-0.0343,-0.234,2018-03-14 10:34:16,2018-03-14 10:38:41
zeusshield,Zeusshield,ZSC,297,0.0189602,88305.5,21864348.0,0.00403878953994,1153170765.0,5642500000.0,0.204372311032,1.0,0,-0.02,0.0147,-0.2257,2018-03-14 10:34:15,2018-03-14 10:38:41
dai,Dai,DAI,298,1.00702,1322170.0,21821563.0,0.0605900686399,21669443.0,21669443.0,1.0,1.0,0,-0.0009,0.001,0.0064,2018-03-14 10:34:18,2018-03-14 10:38:41
deeponion,DeepOnion,ONION,299,1.92885,102629.0,21792401.0,0.00470939388459,11298132.0,19763775.0,0.571658602671,25000000.0,0.45192528,-0.0235,-0.0548,-0.3141,2018-03-14 10:34:16,2018-03-14 10:38:41
maecenas,Maecenas,ART,300,0.721397,813.328,21750228.0,3.73939988123e-05,30150150.0,100000000.0,0.3015015,1.0,0,-0.0036,0.0141,-0.0807,2018-03-14 10:34:15,2018-03-14 10:38:41
yoyow,YOYOW,YOYOW,301,0.0860197,1212700.0,21504925.0,0.0563917335215,249999999.0,300000000.0,0.83333333,1000000000.0,0.249999999,0.0222,0.0545,-0.1922,2018-03-14 10:34:13,2018-03-14 10:38:41
uquid-coin,Uquid Coin,UQC,302,2.14927,47392.9,21492700.0,0.00220506962829,10000000.0,40000000.0,0.25,1.0,0,-0.0076,0.0521,-0.1205,2018-03-14 10:34:17,2018-03-14 10:38:41
bitconnect,BitConnect,BCC,303,2.27017,23885.7,21137882.0,0.00112999495408,9311145.0,10037977.0,0.927591784679,28000000.0,0.332540892857,0.0207,0.0388,-0.0542,2018-03-14 10:34:09,2018-03-14 10:38:41
cappasity,Cappasity,CAPP,304,0.0639232,151478.0,21094151.0,0.00718104274498,329992098.0,438686537.0,0.752227547845,1.0,0,0.021,0.0151,-0.2849,2018-03-14 10:34:17,2018-03-14 10:38:41
aeron,Aeron,ARN,305,1.62212,1099820.0,21087560.0,0.0521549197726,13000000.0,20000000.0,0.65,1.0,0,-0.0013,-0.0232,-0.2162,2018-03-14 10:34:17,2018-03-14 10:38:41
faircoin,FairCoin,FAIR,306,0.395936,13008.6,21061353.0,0.000617652626591,53193831.0,53193831.0,1.0,1.0,0,0.0307,0.0111,-0.1927,2018-03-14 10:34:02,2018-03-14 10:38:41
blocktix,Blocktix,TIX,307,0.525628,3188050.0,21025120.0,0.151630525771,40000000.0,62500000.0,0.64,1.0,0,-0.0171,0.0425,-0.1282,2018-03-14 10:34:13,2018-03-14 10:38:41
odyssey,Odyssey,OCN,308,0.0105027,11158400.0,21005400.0,0.531215782608,2000000000.0,10000000000.0,0.2,1.0,0,-0.0028,-0.0028,-0.3949,2018-03-14 10:34:20,2018-03-14 10:38:41
iht-real-estate-protocol,IHT Real Estate Protocol,IHT,309,0.0907867,2373290.0,20729439.0,0.11448886774,228331235.0,1000000000.0,0.228331235,1.0,0,-0.0173,-0.0456,-0.1967,2018-03-14 10:34:21,2018-03-14 10:38:41
mintcoin,Mintcoin,MINT,310,0.000830119,102595.0,20709195.0,0.00495407957673,24947260808.0,24947260808.0,1.0,1.0,0,-0.0033,-0.0543,-0.2765,2018-03-14 10:34:02,2018-03-14 10:38:41
dadi,DADI,DADI,311,0.269834,907118.0,20616464.0,0.0439996887924,76404249.0,100000000.0,0.76404249,1.0,0,-0.0119,-0.0387,-0.2759,2018-03-14 10:34:20,2018-03-14 10:38:41
mothership,Mothership,MSP,312,0.146962,111810.0,20574680.0,0.00543434940422,140000000.0,200000000.0,0.7,1.0,0,-0.0035,0.134,-0.2006,2018-03-14 10:34:13,2018-03-14 10:38:41
blackmoon,Blackmoon,BMC,313,0.966961,1128250.0,20558361.0,0.0548803477087,21260797.0,60000000.0,0.354346616667,1.0,0,-0.0061,-0.0843,-0.1019,2018-03-14 10:34:14,2018-03-14 10:38:41
agrello-delta,Agrello,DLT,314,0.238768,1364980.0,20529004.0,0.0664903177962,85978873.0,130271020.0,0.659999998465,1.0,0,0.0072,-0.0301,-0.1133,2018-03-14 10:34:14,2018-03-14 10:38:41
elastic,Elastic,XEL,315,0.228812,108014.0,20494719.0,0.00527033329903,89570123.0,100000000.0,0.89570123,1.0,0,-0.0018,-0.0113,-0.2755,2018-03-14 10:34:11,2018-03-14 10:38:41
selfkey,Selfkey,KEY,316,0.0108588,95361.7,20493540.0,0.0046532565872,1887274879.0,5999999954.0,0.314545815578,1.0,0,-0.0022,0.0041,-0.1691,2018-03-14 10:34:19,2018-03-14 10:38:41
zoin,Zoin,ZOI,317,1.17874,58169.0,20407069.0,0.00285043383741,17312613.0,17312613.0,1.0,21000000.0,0.824410142857,0.0122,0.0406,-0.2353,2018-03-14 10:34:08,2018-03-14 10:38:41
trust,WeTrust,TRST,318,0.221368,289215.0,20398508.0,0.0141782428401,92147500.0,100000000.0,0.921475,100000000.0,0.921475,-0.0049,-0.0491,-0.3003,2018-03-14 10:34:10,2018-03-14 10:38:41
guppy,Matchpool,GUP,319,0.271753,4224570.0,20381475.0,0.207274988685,75000000.0,98855150.0,0.758685814548,1.0,0,-0.0018,0.0074,-0.2447,2018-03-14 10:34:11,2018-03-14 10:38:41
tao,Tao,XTO,320,0.613002,4460.78,20124163.0,0.000221662883569,32828869.0,32828869.0,1.0,1.0,0,-0.0034,-0.029,-0.3033,2018-03-14 10:34:08,2018-03-14 10:38:41
trade-token,Trade Token,TIO,321,0.238406,162505.0,20094177.0,0.0080871687355,84285536.0,223534823.0,0.377057743706,1.0,0,0.0018,0.0381,-0.1105,2018-03-14 10:34:19,2018-03-14 10:38:41
qunqun,QunQun,QUN,322,0.0347307,2994850.0,19985567.0,0.149850639714,575443822.0,1500000000.0,0.383629214667,1.0,0,0.0083,0.0327,-0.2863,2018-03-14 10:34:19,2018-03-14 10:38:41
gridcoin,GridCoin,GRC,323,0.0512027,24781.1,19985067.0,0.00123998083169,390312753.0,390312753.0,1.0,1.0,0,0.0003,0.0483,-0.2286,2018-03-14 10:34:05,2018-03-14 10:38:41
hi-mutual-society,Hi Mutual Society,HMC,324,0.0494562,377849.0,19960522.0,0.0189298155629,403600000.0,1000000000.0,0.4036,1.0,0,0.0001,-0.0032,-0.2184,2018-03-14 10:34:20,2018-03-14 10:38:41
lamden,Lamden,TAU,325,0.140254,154123.0,19946325.0,0.00772688703308,142215728.0,288090567.0,0.49364937381,1.0,0,0.0229,0.0375,-0.2592,2018-03-14 10:34:18,2018-03-14 10:38:41
qbao,Qbao,QBT,326,0.299991,2922220.0,19604833.0,0.149056102646,65351403.0,100000000.0,0.65351403,1.0,0,0.0095,0.0067,-0.3098,2018-03-14 10:34:17,2018-03-14 10:38:41
energo,Energo,TSL,327,0.0335677,1071530.0,19537376.0,0.054845133758,582029029.0,1000000000.0,0.582029029,1.0,0,-0.0114,-0.0358,-0.1927,2018-03-14 10:34:17,2018-03-14 10:38:41
swftcoin,SwftCoin,SWFTC,328,0.0110319,4923600.0,19305825.0,0.255031836246,1750000000.0,10000000000.0,0.175,1.0,0,-0.002,0.0455,-0.2289,2018-03-14 10:34:18,2018-03-14 10:38:41
atn,ATN,ATN,329,0.879195,183467.0,19101203.0,0.00960499713029,21725786.0,210000000.0,0.10345612381,1.0,0,0.0062,0.0226,-0.1666,2018-03-14 10:34:18,2018-03-14 10:38:41
aurora-dao,Aurora DAO,AURA,330,0.185732,7610.17,18927488.0,0.000402069730542,101907520.0,1000000000.0,0.10190752,1.0,0,0.0246,0.0568,-0.2156,2018-03-14 10:34:19,2018-03-14 10:38:41
nolimitcoin,NoLimitCoin,NLC2,331,0.0919453,141156.0,18904260.0,0.00746688841563,205603330.0,205603330.0,1.0,1.0,0,-0.0249,-0.0276,-0.1984,2018-03-14 10:34:08,2018-03-14 10:38:41
florincoin,FlorinCoin,FLO,332,0.131286,308727.0,18735793.0,0.016477925434,142709759.0,142709759.0,1.0,160000000.0,0.89193599375,-0.0014,0.0288,0.0263,2018-03-14 10:34:01,2018-03-14 10:38:41
expanse,Expanse,EXP,333,2.3682,191959.0,18723928.0,0.0102520689035,7906397.0,16906397.0,0.467657124105,1.0,0,-0.0051,-0.0176,-0.3008,2018-03-14 10:34:05,2018-03-14 10:38:41
rivetz,Rivetz,RVT,334,0.711334,3470.74,18668583.0,0.000185913413996,26244468.0,200000000.0,0.13122234,1.0,0,-0.1004,0.1262,0.0823,2018-03-14 10:34:14,2018-03-14 10:38:41
omni,Omni,OMNI,335,33.0605,171598.0,18537930.0,0.00925658905822,560727.0,617043.0,0.908732454626,1.0,0,-0.0097,-0.0479,-0.15,2018-03-14 10:34:02,2018-03-14 10:38:41
hempcoin,HempCoin,THC,336,0.080001,87195.9,18438531.0,0.00472900471301,230478760.0,230478760.0,1.0,1.0,0,0.0088,0.0416,-0.1138,2018-03-14 10:34:03,2018-03-14 10:38:41
icos,ICOS,ICOS,337,31.7554,146872.0,18416928.0,0.00797483706295,579962.0,591617.0,0.98029975474,1.0,0,-0.0036,0.009,-0.0975,2018-03-14 10:34:15,2018-03-14 10:38:41
encrypgen,EncrypGen,DNA,338,0.297016,37290.1,18397119.0,0.00202695324197,61939825.0,70978386.0,0.872657558035,1.0,0,-0.0036,0.0,-0.0029,2018-03-14 10:34:17,2018-03-14 10:38:41
pascal-coin,Pascal Coin,PASC,339,0.977677,37614.5,18263104.0,0.00205958965135,18680100.0,18680100.0,1.0,1.0,0,-0.0045,0.0053,-0.1916,2018-03-14 10:34:09,2018-03-14 10:38:41
latoken,LATOKEN,LA,340,0.234171,938731.0,18227731.0,0.0515001565472,77839404.0,400000000.0,0.19459851,1000000000.0,0.077839404,-0.0122,-0.0115,-0.1349,2018-03-14 10:34:15,2018-03-14 10:38:41
primecoin,Primecoin,XPM,341,0.789307,127478.0,18040936.0,0.00706604136282,22856678.0,22856678.0,1.0,1.0,0,-0.0023,0.0509,-0.1071,2018-03-14 10:34:01,2018-03-14 10:38:41
restart-energy-mwat,Restart Energy MWAT,MWAT,342,0.0431267,144345.0,17897581.0,0.00806505638946,415000000.0,470000000.0,0.882978723404,500000000.0,0.83,-0.0077,0.0013,-0.1687,2018-03-14 10:34:21,2018-03-14 10:38:41
newyorkcoin,NewYorkCoin,NYC,343,0.000134241,29994.8,17744709.0,0.00169035175499,1.32185463284e+11,1.32185463284e+11,1.0,1.32185463284e+11,1.0,0.0043,-0.0198,-0.1252,2018-03-14 10:34:02,2018-03-14 10:38:41
moeda-loyalty-points,Moeda Loyalty Points,MDA,344,0.903186,1553810.0,17728537.0,0.0876445698819,19628888.0,19628888.0,1.0,1.0,0,-0.0024,-0.0258,-0.2282,2018-03-14 10:34:14,2018-03-14 10:38:41
electra,Electra,ECA,345,0.000743871,85714.3,17582998.0,0.00487483988794,23637159576.0,24504316129.0,0.964612089216,30000000000.0,0.7879053192,0.0679,0.0381,-0.2177,2018-03-14 10:34:11,2018-03-14 10:38:41
posw-coin,PoSW Coin,POSW,346,0.398417,46184.5,17570190.0,0.00262857146109,44100000.0,70000000.0,0.63,1.0,0,-0.0272,-0.0091,-0.2368,2018-03-14 10:34:09,2018-03-14 10:38:41
propy,Propy,PRO,347,1.00479,6846620.0,17510265.0,0.391006075579,17426790.0,100000000.0,0.1742679,1.0,0,-0.0026,0.0126,-0.1194,2018-03-14 10:34:14,2018-03-14 10:38:41
true-chain,True Chain,TRUE,348,0.69623,15884400.0,17405750.0,0.912594975798,25000000.0,100000000.0,0.25,1.0,0,-0.0136,0.0186,-0.1772,2018-03-14 10:34:20,2018-03-14 10:38:41
alqo,ALQO,ALQO,349,0.563193,94325.3,17402534.0,0.0054202048966,30899770.0,30999771.0,0.996774137461,57879300.0,0.533865647995,-0.0033,0.0126,-0.1882,2018-03-14 10:34:17,2018-03-14 10:38:41
waves-community-token,Waves Community Token,WCT,350,1.74394,46734.2,17386379.0,0.00268797775546,9969597.0,10000000.0,0.9969597,1.0,0,0.0047,0.0166,-0.1224,2018-03-14 10:34:09,2018-03-14 10:38:41
firstblood,FirstBlood,1ST,351,0.201749,325396.0,17261316.0,0.0188511698645,85558371.0,93468691.0,0.915369307996,1.0,0,-0.0049,-0.0042,-0.4093,2018-03-14 10:34:08,2018-03-14 10:38:41
e-dinar-coin,E-Dinar Coin,EDR,352,0.0194265,32638.8,17215997.0,0.00189584140843,886211988.0,1011211988.0,0.876385959143,1e+15,8.86211988e-07,0.0178,-0.0074,-0.1402,2018-03-14 10:34:08,2018-03-14 10:38:41
insurepal,InsurePal,IPL,353,0.0842657,32557.9,16937406.0,0.0019222483065,201000000.0,300000000.0,0.67,1.0,0,0.0202,-0.0219,-0.085,2018-03-14 10:34:19,2018-03-14 10:38:41
covesting,Covesting,COV,354,0.964642,59627.5,16881235.0,0.00353217640771,17500000.0,20000000.0,0.875,1.0,0,-0.004,-0.0124,-0.1534,2018-03-14 10:34:18,2018-03-14 10:38:41
aichain,AICHAIN,AIT,355,0.031538,7311.76,16811869.0,0.000434916546162,533067071.0,2100000000.0,0.253841462381,1.0,0,0.0004,0.0693,-0.2586,2018-03-14 10:34:19,2018-03-14 10:38:41
solarcoin,SolarCoin,SLR,356,0.399637,21066.1,16756746.0,0.00125717129089,41929915.0,98034383654.0,0.00042770621324,1.0,0,0.0071,-0.0136,-0.2296,2018-03-14 10:34:03,2018-03-14 10:38:41
oax,OAX,OAX,357,0.663128,598688.0,16584334.0,0.0360996106325,25009250.0,100000000.0,0.2500925,1.0,0,-0.0054,-0.0323,-0.2003,2018-03-14 10:34:13,2018-03-14 10:38:41
radium,Radium,RADS,358,4.74072,607960.0,16417973.0,0.0370301498242,3463181.0,3463181.0,1.0,1.0,0,-0.0029,-0.0591,-0.2438,2018-03-14 10:34:06,2018-03-14 10:38:41
all-sports,All Sports,SOC,359,0.0386168,1377810.0,16139181.0,0.0853705030014,417931606.0,1500000000.0,0.278621070667,1.0,0,0.0064,0.0175,-0.3976,2018-03-14 10:34:20,2018-03-14 10:38:41
b2bx,B2BX,B2B,360,0.987948,31694.6,16135303.0,0.00196430150707,16332138.0,19822337.0,0.823925957873,1.0,0,0.0372,0.0669,0.1837,2018-03-14 10:34:17,2018-03-14 10:38:41
investfeed,InvestFeed,IFT,361,0.0831606,37395.9,15915380.0,0.00234967057023,191381257.0,191381257.0,1.0,1.0,0,-0.009,0.189,-0.3231,2018-03-14 10:34:12,2018-03-14 10:38:41
bitusd,bitUSD,BITUSD,362,1.14422,681346.0,15858775.0,0.0429633436378,13859900.0,13859900.0,1.0,1.0,0,0.0062,0.0191,0.0442,2018-03-14 10:34:04,2018-03-14 10:38:41
canyacoin,CanYaCoin,CAN,363,0.399162,118396.0,15823917.0,0.00748209182341,39642845.0,95827000.0,0.413691809198,1.0,0,-0.0559,-0.0196,-0.2671,2018-03-14 10:34:18,2018-03-14 10:38:41
bodhi,Bodhi,BOT,364,0.395165,1677710.0,15806600.0,0.10613984032,40000000.0,100000000.0,0.4,100000000.0,0.4,-0.001,0.0314,-0.1212,2018-03-14 10:34:17,2018-03-14 10:38:41
divi,Divi,DIVX,365,3.06473,98771.6,15762540.0,0.00626622359087,5143207.0,6171607.0,0.833365928842,1.0,0,0.0113,-0.0117,-0.0717,2018-03-14 10:34:17,2018-03-14 10:38:41
neumark,Neumark,NEU,366,0.548437,106203.0,15755131.0,0.00674085159939,28727331.0,53020035.0,0.541820294913,1500000000.0,0.019151554,-0.001,-0.0071,-0.1187,2018-03-14 10:34:18,2018-03-14 10:38:41
carvertical,carVertical,CV,367,0.00295225,96088.2,15556470.0,0.00617673546762,5269360551.0,9931143978.0,0.530589483213,1.0,0,-0.0095,-0.0666,-0.2878,2018-03-14 10:34:20,2018-03-14 10:38:41
bitclave,BitClave,CAT,368,0.0304979,1426750.0,15291476.0,0.0933036156876,501394406.0,1597746125.0,0.313813564092,1.0,0,-0.0041,0.0167,-0.2007,2018-03-14 10:34:18,2018-03-14 10:38:41
monetaryunit,MonetaryUnit,MUE,369,0.119859,195508.0,15180208.0,0.012879138415,126650545.0,126650545.0,1.0,4000000000.0,0.03166263625,0.0017,-0.0023,-0.3009,2018-03-14 10:34:04,2018-03-14 10:38:41
coinpoker,CoinPoker,CHP,370,0.0932873,367906.0,15151419.0,0.0242819500933,162416741.0,354786435.0,0.457787347478,1.0,0,0.0056,-0.0982,0.0,2018-03-14 10:34:21,2018-03-14 10:38:41
snovio,Snovio,SNOV,371,0.0373866,781527.0,15141440.0,0.0516151039795,404996436.0,651129644.0,0.621990474143,1.0,0,-0.0137,0.0892,-0.0117,2018-03-14 10:34:17,2018-03-14 10:38:41
ixledger,iXledger,IXT,372,0.422392,54859.4,15112697.0,0.00363002050527,35778844.0,65778844.0,0.543926311627,1.0,0,-0.0026,-0.0546,0.0651,2018-03-14 10:34:12,2018-03-14 10:38:41
bitsend,BitSend,BSD,373,0.799927,102647.0,14774552.0,0.0069475541458,18469875.0,18469875.0,1.0,1.0,0,0.0006,0.0112,-0.2261,2018-03-14 10:34:03,2018-03-14 10:38:41
prizm,PRIZM,PZM,374,0.962668,9887.07,14696407.0,0.000672754231698,15266329.0,15266329.0,1.0,6000000000.0,0.00254438816667,0.0008,0.0686,0.0299,2018-03-14 10:34:10,2018-03-14 10:38:41
chronobank,Chronobank,TIME,375,20.4243,2183420.0,14503557.0,0.150543759714,710113.0,710113.0,1.0,1.0,0,-0.005,0.1472,-0.4036,2018-03-14 10:34:09,2018-03-14 10:38:41
rialto,Rialto,XRL,376,0.195947,16602.0,14312687.0,0.00115994991017,73043663.0,100000000.0,0.73043663,1.0,0,-0.001,0.0367,-0.0546,2018-03-14 10:34:12,2018-03-14 10:38:41
alis,ALIS,ALIS,377,0.370216,51740.1,14267624.0,0.00362639918181,38538647.0,75209200.0,0.512419318381,1.0,0,-0.0037,0.0821,-0.0945,2018-03-14 10:34:15,2018-03-14 10:38:41
clams,Clams,CLAM,378,4.87239,72303.4,14205838.0,0.00508969622207,2915579.0,16613782.0,0.175491588851,1.0,0,-0.011,0.0126,-0.065,2018-03-14 10:34:04,2018-03-14 10:38:41
russian-mining-coin,Russian Miner Coin,RMC,379,9357.89,9260.47,14102340.0,0.000656661944046,1507.0,10757.0,0.140094821976,1.0,0,-0.0036,0.1933,-0.1269,2018-03-14 10:34:16,2018-03-14 10:38:41
draftcoin,DraftCoin,DFT,380,1.82861,466167.0,14092929.0,0.0330780776658,7706908.0,17706908.0,0.435248661144,1.0,0,-0.0023,0.0259,0.1263,2018-03-14 10:34:06,2018-03-14 10:38:41
incent,Incent,INCNT,381,0.305795,67639.2,14071647.0,0.00480677208574,46016602.0,46016625.0,0.999999500181,1.0,0,-0.0125,0.0341,-0.1794,2018-03-14 10:34:09,2018-03-14 10:38:41
fidentiax,FidentiaX,FDX,382,0.133651,73591.0,14033355.0,0.00524400615533,105000000.0,130000000.0,0.807692307692,1.0,0,0.0005,0.0108,-0.0008,2018-03-14 10:34:18,2018-03-14 10:38:41
energycoin,Energycoin,ENRG,383,0.115238,14391.5,14025279.0,0.00102611149482,121707071.0,121707071.0,1.0,1.0,0,-0.0036,-0.028,-0.1992,2018-03-14 10:34:03,2018-03-14 10:38:41
swarm-city,Swarm City,SWT,384,1.70748,108326.0,13916063.0,0.00778424185059,8150059.0,8150059.0,1.0,1.0,0,0.0061,0.0026,-0.2051,2018-03-14 10:34:10,2018-03-14 10:38:41
fedoracoin,FedoraCoin,TIPS,385,3.1275e-05,4565.7,13860085.0,0.000329413564203,4.43168182458e+11,4.43168182458e+11,1.0,1.0,0,0.0468,0.3418,0.7902,2018-03-14 10:34:02,2018-03-14 10:38:41
shield-xsh,SHIELD,XSH,386,0.028527,24410.7,13742053.0,0.00177635030224,481720937.0,481720937.0,1.0,660000000.0,0.729880207576,-0.0364,-0.0377,-0.2655,2018-03-14 10:34:16,2018-03-14 10:38:41
okcash,OKCash,OK,387,0.185011,391106.0,13673431.0,0.0286033549297,73906045.0,73906045.0,1.0,105000000.0,0.703867095238,0.0021,-0.0201,-0.2725,2018-03-14 10:34:05,2018-03-14 10:38:41
rubycoin,Rubycoin,RBY,388,0.537555,15440.5,13655113.0,0.00113074860677,25402262.0,25402262.0,1.0,1.0,0,-0.0037,0.0255,-0.2374,2018-03-14 10:34:02,2018-03-14 10:38:41
phore,Phore,PHR,389,1.92742,34420.2,13567787.0,0.00253690598179,7039351.0,12379351.0,0.568636514144,1.0,0,0.0007,0.0042,-0.3142,2018-03-14 10:34:17,2018-03-14 10:38:41
databits,Databits,DTB,390,0.593765,37860.1,13506853.0,0.0028030289513,22747809.0,22747809.0,1.0,1.0,0,0.0008,-0.061,-0.3726,2018-03-14 10:34:10,2018-03-14 10:38:41
hedge,Hedge,HDG,391,3.63564,620.114,13487040.0,4.59785097397e-05,3709674.0,5100033.0,0.727382352232,1.0,0,-0.0006,0.1083,-0.0925,2018-03-14 10:34:15,2018-03-14 10:38:41
universal-currency,Universal Currency,UNIT,392,1.01334,71425.3,13395208.0,0.00533215311028,13218868.0,17318868.0,0.763263973142,210000000.0,0.0629469904762,0.0328,0.016,-0.2047,2018-03-14 10:34:05,2018-03-14 10:38:41
bitdegree,BitDegree,BDG,393,0.0376142,28621.4,13310507.0,0.00215028623628,353869198.0,514800000.0,0.687391604507,1.0,0,-0.0005,-0.0429,-0.2365,2018-03-14 10:34:19,2018-03-14 10:38:41
earthcoin,EarthCoin,EAC,394,0.00112707,13661.6,13305282.0,0.00102678019151,11805195744.0,11805195744.0,1.0,1.0,0,0.0057,-0.0105,-0.2462,2018-03-14 10:34:02,2018-03-14 10:38:41
auroracoin,Auroracoin,AUR,395,1.53509,38106.5,13291023.0,0.0028670855509,8658139.0,8658139.0,1.0,1.0,0,-0.0035,-0.0047,-0.2753,2018-03-14 10:34:02,2018-03-14 10:38:41
myriad,Myriad,XMY,396,0.00849478,50514.2,13246860.0,0.00381329613206,1559411750.0,1559411750.0,1.0,1.0,0,-0.0059,-0.004,-0.2209,2018-03-14 10:34:03,2018-03-14 10:38:41
lomocoin,LoMoCoin,LMC,397,0.0580563,30867.7,13229872.0,0.00233318205951,227880044.0,312880044.0,0.728330388499,1.0,0,-0.0081,0.0217,-0.2762,2018-03-14 10:34:08,2018-03-14 10:38:41
hackspace-capital,Hackspace Capital,HAC,398,0.0406959,1013790.0,13198036.0,0.076813701675,324308731.0,1000000000.0,0.324308731,1.0,0,-0.0036,0.1965,-0.0195,2018-03-14 10:34:19,2018-03-14 10:38:41
mybit-token,MyBit Token,MYB,399,4.70792,72770.4,13179710.0,0.00552139614605,2799476.0,2812073.0,0.995520386562,1.0,0,-0.0162,-0.0963,0.3954,2018-03-14 10:34:13,2018-03-14 10:38:41
eztoken,EZToken,EZT,400,1.13869,1663900.0,13094935.0,0.127064395509,11500000.0,50000000.0,0.23,1.0,0,-0.0068,0.0093,-0.2103,2018-03-14 10:34:21,2018-03-14 10:38:41
